Open,High,Low,Close,Volume,Dividends,Stock Splits
5633.568171514805,5660.523043148847,5615.5982570921105,5651.5380859375,58420500,0.0,0.0
5660.522958868577,5682.9853515625,5638.060566174654,5682.9853515625,42080500,0.0,0.0
5705.447724726096,5732.402595866534,5624.583111304781,5638.060546875,43794500,0.0,0.0
5705.447172728725,5714.43212890625,5633.56752330852,5714.43212890625,66161500,0.0,0.0
5732.402405803216,5732.402405803216,5656.0302734375,5656.0302734375,63393000,0.0,0.0
5691.9701946443665,5691.9701946443665,5615.598061014569,5647.04541015625,61972000,0.0,0.0
5674.001064422024,5674.001064422024,5615.598836522193,5642.5537109375,90040500,0.0,0.0
5691.970100433131,5696.4625788075855,5629.075403190776,5656.0302734375,70207000,0.0,0.0
5588.643376209597,5642.553119388467,5588.643376209597,5629.07568359375,47635500,0.0,0.0
5629.076273729846,5647.046190006718,5629.076273729846,5642.5537109375,40083500,0.0,0.0
5629.075392727646,5642.552827825957,5579.658130700508,5633.56787109375,37862000,0.0,0.0
5642.553025398406,5651.537982445219,5620.090632781375,5638.060546875,47138000,0.0,0.0
5611.106357452975,5647.046190006718,5579.6590039684515,5642.5537109375,65599000,0.0,0.0
5687.477434679336,5705.4473475851155,5660.522565320665,5674.0,60115000,0.0,0.0
5620.089699572465,5705.44677734375,5620.089699572465,5705.44677734375,43229500,0.0,0.0
5705.446750217014,5705.446750217014,5660.52197265625,5660.52197265625,57523500,0.0,0.0
5642.552258871927,5669.507126350614,5633.567303045697,5665.0146484375,56035000,0.0,0.0
5687.47781063247,5691.970289155876,5638.060546875,5638.060546875,55133500,0.0,0.0
5687.477716195555,5687.477716195555,5633.5679748098155,5647.04541015625,192783500,0.0,0.0
5633.567106119792,5660.52197265625,5606.612239583334,5660.52197265625,58833500,0.0,0.0
5656.0309429687495,5656.0309429687495,5611.106153906249,5615.5986328125,44248000,0.0,0.0
5597.628920245323,5656.031148145153,5593.136441176104,5642.5537109375,52954500,0.0,0.0
5642.552605179962,5772.83447265625,5633.567648802286,5772.83447265625,49909000,0.0,0.0
5768.3424632352935,5768.3424632352935,5700.95528492647,5727.91015625,42823000,0.0,0.0
5714.432326443441,5750.372152395915,5709.939848199381,5718.9248046875,37552000,0.0,0.0
5714.432805106467,5736.895198208301,5687.477933384267,5696.462890625,54168000,0.0,0.0
5714.4893425649925,5764.06298828125,5696.462562304535,5764.06298828125,69920500,20.0,0.0
5741.529512955678,5764.06298828125,5732.51612282545,5764.06298828125,51667500,0.0,0.0
5764.063120228422,5768.569815396701,5732.516254050472,5737.02294921875,57654000,0.0,0.0
5737.022396267021,5755.049175202659,5723.502312065291,5750.54248046875,48469000,0.0,0.0
5768.569597791798,5773.076292790073,5714.4892578125,5714.4892578125,79198500,0.0,0.0
5764.06346965286,5786.596946860259,5723.50321067954,5732.5166015625,70822500,0.0,0.0
5714.4898197965795,5764.06346965286,5714.4898197965795,5732.5166015625,78684000,0.0,0.0
5764.063016451322,5858.70361328125,5737.022845928485,5858.70361328125,102914500,0.0,0.0
5858.703477747964,6129.105176720947,5804.623137953367,6088.544921875,181804000,0.0,0.0
6038.972293738163,6056.999076704546,5939.824987423059,5948.83837890625,74171000,0.0,0.0
6020.944749436937,6075.025091497748,5957.851017032657,6002.91796875,99453000,0.0,0.0
6020.944749436937,6066.011701154279,5993.904578406531,6002.91796875,46558500,0.0,0.0
6002.917556488585,6061.504589697558,6002.917556488585,6020.9443359375,38188500,0.0,0.0
6011.930881400533,6038.971050282394,6011.930881400533,6034.46435546875,29945000,0.0,0.0
6020.943501075168,6056.997054973822,6011.930112600505,6025.4501953125,61168000,0.0,0.0
6034.464702885603,6111.078519128363,6020.944617666293,6029.9580078125,49445000,0.0,0.0
6084.038516773897,6129.10546875,6061.505040785846,6129.10546875,47755500,0.0,0.0
6056.997981625835,6084.038151186664,6029.957812065005,6070.51806640625,27300000,0.0,0.0
6070.518207312338,6102.065072532223,6066.011512280925,6075.02490234375,45022500,0.0,0.0
6011.930946213043,6079.531369146473,6011.930946213043,6020.9443359375,53692500,0.0,0.0
6075.02490234375,6088.5449874379865,6066.011512280925,6075.02490234375,40363500,0.0,0.0
6097.557952268239,6151.638288873723,6047.984310379879,6061.50439453125,73362000,0.0,0.0
6075.024555226094,6093.05133432172,6070.517860452187,6079.53125,67855000,0.0,0.0
6079.531838496179,6205.719304380458,6075.025143286026,6192.19921875,93582000,0.0,0.0
6192.199210177396,6363.453627926116,6129.105477322604,6160.65234375,75623500,0.0,0.0
6133.612106880132,6210.225924526688,6124.598716568773,6174.17236328125,88931500,0.0,0.0
6165.158701704545,6210.225651278409,6129.105142045454,6196.70556640625,38249500,0.0,0.0
6264.306333440015,6286.839809459583,6156.145648546087,6160.65234375,93554500,0.0,0.0
6205.718661709027,6214.732051195896,6151.638324787816,6156.14501953125,103984500,0.0,0.0
6178.678776255825,6214.732335854692,6160.651996456391,6165.15869140625,94311500,0.0,0.0
6205.718945954975,6214.732335854692,6156.145301506533,6165.15869140625,87728000,0.0,0.0
6147.132042435297,6201.212382984581,6138.11865234375,6138.11865234375,69653500,0.0,0.0
6187.692166155542,6255.292590403417,6142.6252166569575,6165.15869140625,39679000,0.0,0.0
6160.652051788015,6169.665441768686,6088.544931942655,6120.091796875,82615000,0.0,0.0
6129.104556236183,6169.664806975981,6102.064389076318,6115.58447265625,43821000,0.0,0.0
6169.665498003407,6169.665498003407,6066.011512280925,6075.02490234375,71990000,0.0,0.0
6129.105239679784,6133.611934708961,5840.6767578125,5840.6767578125,163136500,0.0,0.0
5840.677097486413,5935.317698603091,5741.5298010784645,5804.62353515625,149797000,0.0,0.0
5921.798204456676,5966.865161872633,5876.73124704072,5948.83837890625,113316500,0.0,0.0
6111.077686780275,6111.077686780275,5993.9036308390605,6066.0107421875,123002500,0.0,0.0
6075.02490234375,6111.078462595048,6020.944561966802,6075.02490234375,154693500,0.0,0.0
6047.983837601701,6111.077558709319,6043.477143236872,6093.05078125,82609000,0.0,0.0
6093.051000023029,6115.58447265625,5975.876942330278,6115.58447265625,66578500,0.0,0.0
6115.585797065128,6115.585797065128,6079.5322330441095,6111.0791015625,77526500,0.0,0.0
6129.10546875,6129.10546875,6093.051907169118,6129.10546875,69971500,0.0,0.0
6147.131966817011,6147.131966817011,6075.02484697165,6120.091796875,49737000,0.0,0.0
6111.078233182074,6124.598317768759,6016.437641075272,6020.9443359375,147028500,0.0,0.0
6020.944487072173,6084.03821672712,6020.944487072173,6056.998046875,115319000,0.0,0.0
6025.450965841463,6056.997829536968,6011.930881400533,6034.46435546875,98436500,0.0,0.0
6007.424186586889,6093.051388046117,6007.424186586889,6034.46435546875,74594000,0.0,0.0
6029.957274094958,6034.463968619692,5917.289910976592,5944.330078125,136724500,0.0,0.0
5948.837337018141,6002.917676445579,5944.330642065855,5962.357421875,98261000,0.0,0.0
5917.290375434028,5948.837239583333,5867.716731770834,5881.23681640625,84910000,0.0,0.0
5903.7704322896725,5912.783822262634,5867.7168723978275,5885.74365234375,86446500,0.0,0.0
5858.703309056172,5890.250173028013,5786.59619140625,5786.59619140625,92824500,0.0,0.0
5831.663384805992,5836.170079848345,5588.301852518879,5669.42236328125,129254500,0.0,0.0
5588.301852518879,5669.42236328125,5439.580916121199,5669.42236328125,169946500,0.0,0.0
5669.42179790296,5669.42179790296,5439.580373663651,5480.140625,144871500,0.0,0.0
5588.301723818236,5723.502571975128,5588.301723818236,5696.46240234375,114663500,0.0,0.0
5691.956152874491,5858.703878651495,5642.382504670517,5804.62353515625,83025000,0.0,0.0
5894.756801791958,5894.756801791958,5714.489009688228,5800.1162109375,77583000,0.0,0.0
5723.502106697329,5723.502106697329,5588.30126953125,5588.30126953125,77835500,0.0,0.0
5408.033977960242,5444.0875378133105,5214.24609375,5214.24609375,140889500,0.0,0.0
5263.819778481013,5417.047409018987,5263.819778481013,5340.43359375,133667000,0.0,0.0
5362.966905381944,5390.007074652778,5218.752669270833,5272.8330078125,93204500,0.0,0.0
5047.49887589928,5083.552439298562,4921.311404001799,5011.4453125,129845500,0.0,0.0
5011.4453125,5011.4453125,5011.4453125,5011.4453125,0,0.0,0.0
5011.4453125,5011.4453125,5011.4453125,5011.4453125,0,0.0,0.0
4952.857578277588,4961.87096786499,4614.85546875,4614.85546875,212200000,0.0,0.0
4614.855,4849.20310546875,4294.879702148438,4506.6943359375,180053500,0.0,0.0
4502.188008757561,4502.188008757561,4191.22607421875,4191.22607421875,264419000,0.0,0.0
4146.159562269007,4853.7107049605665,3898.291327568143,4267.84033203125,335132000,0.0,0.0
4290.3737633147575,4506.695129532308,3970.3984091179636,3992.931884765625,217843500,0.0,0.0
4010.9582004123267,4502.187912597657,4010.9582004123267,4056.025146484375,253971000,0.0,0.0
4191.226695667614,4862.724306048769,4191.226695667614,4759.0703125,331633000,0.0,0.0
4831.177078607077,5313.393447460583,4826.670383571064,4966.3779296875,269683000,0.0,0.0
4939.336850972475,5006.937264078851,4646.401727511517,4952.85693359375,159964500,0.0,0.0
5101.577713164593,5146.644654093609,4943.843419913037,4979.89697265625,182638500,0.0,0.0
5011.444517706433,5182.698916692803,4889.763760531906,4939.33740234375,152831500,0.0,0.0
4930.324482295518,4930.324482295518,4831.177189232902,4876.244140625,136623500,0.0,0.0
4921.3100741441085,4984.4037930433915,4835.682884209366,4952.85693359375,110506000,0.0,0.0
4975.39131293592,5173.685894248583,4952.857837786753,5169.17919921875,78184000,0.0,0.0
5169.178893557278,5498.1676112814985,5029.471355893567,5097.07177734375,149153500,0.0,0.0
5097.0712106428855,5101.577904905169,4939.336911462955,5079.04443359375,106111500,0.0,0.0
5047.497905495979,5133.125102107071,4957.364014326407,5042.9912109375,89997000,0.0,0.0
4993.4178160511365,5061.01823774858,4939.337478693182,4957.3642578125,58043000,0.0,0.0
4961.871375297484,5038.485193081369,4907.791033332389,4970.884765625,95796000,0.0,0.0
4970.884407314694,5074.53838860956,4907.790679569992,4943.84423828125,95342000,0.0,0.0
4943.84466785693,4975.39153447042,4673.442954027016,4723.0166015625,176990500,0.0,0.0
4777.096783194124,4907.7909404701895,4759.070002880184,4889.76416015625,160935500,0.0,0.0
4894.270836068802,4957.364566920518,4804.136934852066,4826.67041015625,90744000,0.0,0.0
4910.110073355741,4910.110073355741,4731.310546875,4731.310546875,73431000,91.0,0.0
4731.310450072887,4800.0794973123175,4625.864577639091,4717.556640625,107263500,0.0,0.0
4749.649028778076,4809.248871803284,4694.6337890625,4694.6337890625,105419500,0.0,0.0
4694.633130081301,4712.971540745681,4511.2490234375,4511.2490234375,131149500,0.0,0.0
4529.587857154108,4602.941506662676,4451.649604551254,4547.92626953125,151103500,0.0,0.0
4547.926743659421,4561.680554376132,4405.804032920064,4428.72705078125,180488000,0.0,0.0
4424.141440480026,4447.064453125,4401.218427835051,4447.064453125,121161000,0.0,0.0
4474.573440522244,4813.834131709381,4474.573440522244,4740.48046875,174081000,0.0,0.0
4722.141721294301,4859.679829681513,4584.603612907088,4786.326171875,114497500,0.0,0.0
4786.325454928453,4896.355925156693,4767.987043223747,4845.92529296875,118643500,0.0,0.0
4873.433523539625,4923.864162071079,4859.679713031046,4910.1103515625,86395500,0.0,0.0
4900.941092521151,4951.371730517159,4722.141557808031,4809.2490234375,123028000,0.0,0.0
4809.248211479727,4882.601854362163,4809.248211479727,4855.09423828125,40615500,0.0,0.0
4896.35665858477,4896.35665858477,4612.11123458453,4786.326171875,118660000,0.0,0.0
4731.310386344178,4740.479592519264,4662.541340031036,4685.46435546875,94973000,0.0,0.0
4648.787103420351,4685.46392474911,4497.495215439215,4511.2490234375,131268000,0.0,0.0
4511.250122452978,4580.019179197688,4291.189140869906,4387.4658203125,205790000,0.0,0.0
4401.2191762854145,4442.480606063091,4355.373143199108,4369.126953125,139997500,0.0,0.0
4437.8957749065175,4547.92624866453,4291.1884765625,4291.1884765625,128504500,0.0,0.0
4327.865523347325,4401.2191762854145,4300.357903495541,4369.126953125,119158000,0.0,0.0
4378.2961735255285,4584.60332306338,4378.2961735255285,4557.095703125,176076500,0.0,0.0
4557.095345150428,4584.6029629279965,4451.649477003084,4552.5107421875,151753500,0.0,0.0
4584.602680152266,4878.017251682011,4584.602680152266,4855.09423828125,229233000,0.0,0.0
4855.094533225705,4855.094533225705,4758.81787109375,4758.81787109375,399414000,0.0,0.0
4823.003235774254,5043.064219916045,4804.664820429104,4914.6953125,181369500,0.0,0.0
4960.540634630461,5299.80126953125,4951.371428281791,5299.80126953125,279673500,0.0,0.0
5299.801983821783,5492.355343095585,5134.756247301381,5308.97119140625,236158500,0.0,0.0
5308.970446404203,5368.570287339657,5121.001717300082,5249.37060546875,88157500,0.0,0.0
5276.877579614671,5432.754067631091,5276.877579614671,5409.8310546875,173557500,0.0,0.0
5446.5094022529065,5496.940044866359,5313.555889908349,5322.72509765625,100110000,0.0,0.0
5318.1396484375,5377.739489325162,5130.170919484106,5318.1396484375,115382500,0.0,0.0
5272.293821522888,5327.309061399648,5139.340325154049,5208.109375,85187500,0.0,0.0
5208.109147652117,5208.109147652117,5024.725022734789,5198.93994140625,96044000,0.0,0.0
5208.109190340909,5235.616809303977,5043.0634765625,5043.0634765625,100844500,0.0,0.0
5116.41764831543,5313.555604298909,5116.41764831543,5281.46337890625,91518500,0.0,0.0
5318.139785019667,5318.139785019667,5208.109306708916,5244.7861328125,79800000,0.0,0.0
5244.78624384512,5263.124657285139,5121.001953125,5121.001953125,68032000,0.0,0.0
5134.755535313901,5180.601566879204,5084.324900592069,5111.83251953125,110071000,0.0,0.0
5130.171361599588,5189.771207623533,5070.5715155756425,5079.74072265625,51590500,0.0,0.0
5107.24820413284,5189.771065599978,5061.402169984431,5153.09423828125,69954000,0.0,0.0
5180.6015916000215,5281.462861524978,5171.432385243208,5231.0322265625,57333000,0.0,0.0
5226.447589724346,5267.7090180642745,5171.432351937773,5249.37060546875,51415000,0.0,0.0
5244.78564409876,5281.462466784765,5171.431998726749,5176.0166015625,57467500,0.0,0.0
5171.431707736784,5221.862336092373,5121.001079381195,5203.52392578125,48796500,0.0,0.0
5226.447884657594,5263.124711918349,5189.771057396839,5221.86328125,74474000,0.0,0.0
5226.447585533405,5318.1396484375,5203.524569807381,5318.1396484375,63959000,0.0,0.0
5295.21627656849,5382.32373046875,5281.462468057922,5382.32373046875,75585500,0.0,0.0
5382.32373046875,5414.415950326741,5354.816113447615,5382.32373046875,52219000,0.0,0.0
5373.155264387637,5441.92431640625,5363.986057451822,5441.92431640625,67800000,0.0,0.0
5446.508945573351,5496.939583958289,5409.8321176570325,5492.35498046875,74168000,0.0,0.0
5492.354389018397,5744.507553789693,5483.185183026714,5684.90771484375,106444500,0.0,0.0
5694.077089203381,5721.584707991803,5529.031376472848,5593.2158203125,93543500,0.0,0.0
5593.215654926916,5721.5845388104835,5574.8772429435485,5684.90771484375,67224000,0.0,0.0
5712.415497691043,5721.584703947368,5629.89264138411,5661.98486328125,86006000,0.0,0.0
5661.984699864542,5684.90771484375,5602.384860918599,5684.90771484375,45616500,0.0,0.0
5684.907552083333,5721.584374999999,5639.0615234375,5639.0615234375,61468000,0.0,0.0
5639.062689623786,5684.908727750809,5629.8934819983815,5666.5703125,66520500,0.0,0.0
5625.307519052543,5666.568943397671,5538.200067657272,5611.5537109375,73348000,0.0,0.0
5611.554652509161,5648.231480303339,5556.539410817894,5629.89306640625,59794500,0.0,0.0
5593.215654926916,5716.999935814642,5593.215654926916,5684.90771484375,84159500,0.0,0.0
5694.077935376214,5730.754765877832,5620.724274372978,5666.5703125,44725500,0.0,0.0
5666.569302860383,5698.661523831275,5629.892478893649,5684.90771484375,84026500,0.0,0.0
5684.9078829405735,5684.9078829405735,5593.2158203125,5593.2158203125,58366500,0.0,0.0
5593.2158203125,5629.89264536373,5501.523757684426,5593.2158203125,41972500,0.0,0.0
5611.554453819725,5684.908106810833,5556.539214076394,5671.154296875,65279000,0.0,0.0
5671.153645037439,5671.153645037439,5593.215397692543,5625.3076171875,50262500,0.0,0.0
5625.308290921725,5721.5849609375,5551.954637576372,5721.5849609375,80533500,0.0,0.0
5703.246492021819,5717.000301890039,5341.062832158697,5620.7236328125,137079000,0.0,0.0
5643.646513467441,5703.246354795692,5620.72349757196,5694.0771484375,79357000,0.0,0.0
5684.908072496978,5703.246485634065,5593.216006811543,5689.49267578125,49393000,0.0,0.0
5698.662394855731,5772.016054001098,5671.154772676218,5739.923828125,55258500,0.0,0.0
5744.508577315938,5762.846992566748,5648.231897249191,5666.5703125,43621000,0.0,0.0
5666.568943397671,5684.907354217728,5597.799902822457,5611.5537109375,37774500,0.0,0.0
5629.89264138411,5684.907878922065,5620.723435127784,5661.98486328125,38795500,0.0,0.0
5661.9855652830465,5739.923828125,5648.231754193291,5739.923828125,35612000,0.0,0.0
5739.923756820436,5776.6005859375,5666.5700985863095,5776.6005859375,48581000,0.0,0.0
5776.600281762295,5872.876953125,5721.585040983607,5872.876953125,57316000,0.0,0.0
5872.877154656177,5891.215568878366,5776.600479989682,5831.61572265625,81563500,0.0,0.0
5831.61602117891,5877.46205908126,5785.76998327656,5804.1083984375,58793500,0.0,0.0
5813.277020548792,5849.95384717686,5758.26178060669,5790.35400390625,66882500,0.0,0.0
5794.938764238021,5849.95400567066,5781.184953879861,5836.2001953125,49211000,0.0,0.0
5854.538284253623,5859.122887451942,5781.184633080516,5813.27685546875,42983000,0.0,0.0
5836.200859301018,6051.67724609375,5813.277839429451,6051.67724609375,68326000,0.0,0.0
6014.999254234026,6051.676078954965,5891.2149708008565,5955.3994140625,52292500,0.0,0.0
5959.984398344123,5996.661225410857,5753.67724609375,5753.67724609375,97032000,0.0,0.0
5758.261793639762,5978.32275390625,5721.584966928681,5978.32275390625,67446000,0.0,0.0
5978.322531201437,6014.999356546231,5836.19983299036,5900.38427734375,66065000,0.0,0.0
5927.892151442307,5959.984375,5776.600240384615,5959.984375,68208500,0.0,0.0
5914.138057314117,5914.138057314117,5744.507740941541,5849.95361328125,80613500,0.0,0.0
5808.692223159681,5831.615239036396,5684.907937425418,5762.84619140625,64249500,0.0,0.0
5762.845865371572,5831.614909111089,5762.845865371572,5808.69189453125,39649000,0.0,0.0
5776.599576536229,5794.937987890312,5694.076725442854,5726.1689453125,49285000,0.0,0.0
5703.246033240103,5703.246033240103,5327.30859375,5327.30859375,175735000,0.0,0.0
5318.13983448878,5478.600950184563,5153.094115487404,5414.41650390625,403032500,0.0,0.0
5501.52359891529,5606.969467894499,5487.769789918001,5547.36962890625,138115000,0.0,0.0
5538.2009985601535,5593.216240267705,5373.1552734375,5373.1552734375,170087000,0.0,0.0
5373.1547231657605,5382.323929177989,5267.708854025135,5272.29345703125,158565500,0.0,0.0
5272.294302508688,5368.570981076238,5194.356038906386,5276.87890625,138796000,0.0,0.0
5226.447628149977,5258.539850428092,5107.247945402698,5162.26318359375,316912000,0.0,0.0
5171.432555335638,5258.540018590405,5130.171125372854,5139.34033203125,112443000,0.0,0.0
5061.40222190367,5102.663653060493,4978.879359590023,4997.2177734375,163442500,0.0,0.0
4997.217315756982,5121.001597890412,4974.294300547088,5047.64794921875,100517000,0.0,0.0
4978.878516163051,5075.155172552944,4942.201694681186,4992.63232421875,88618500,0.0,0.0
5024.725121156417,5157.678614325701,5006.386708305481,5143.9248046875,100705000,0.0,0.0
5180.601670515072,5221.863099749263,5043.0635730677695,5056.8173828125,93522000,0.0,0.0
5111.832391806454,5166.847628310201,5006.38652184094,5047.64794921875,117778500,0.0,0.0
5102.663456202433,5102.663456202433,4969.7099609375,4969.7099609375,107377000,0.0,0.0
5029.310272052429,5107.24853515625,5024.725668340439,5107.24853515625,56893000,0.0,0.0
5098.078582680518,5102.663185722497,4988.048109673025,5047.64794921875,66848000,0.0,0.0
5056.817252338797,5098.078680508378,5006.386617909307,5061.40185546875,58291000,0.0,0.0
5162.263307805647,5240.201563784951,5134.755688048246,5226.44775390625,141955500,0.0,0.0
5134.7561902693315,5276.87890625,5116.417775304084,5276.87890625,89937500,0.0,0.0
5308.97047587992,5318.13968222859,5235.61682509056,5299.80126953125,77384500,0.0,0.0
5272.29426660579,5295.21728515625,5244.786644345238,5295.21728515625,54250500,0.0,0.0
5354.816502988899,5386.908725181469,5345.647296648164,5368.5703125,82918500,0.0,0.0
5354.816502988899,5373.154915670367,5290.632058603757,5368.5703125,48250500,0.0,0.0
5354.815823622881,5409.8310546875,5327.3082080905715,5409.8310546875,83117500,0.0,0.0
5386.908597294998,5391.493200356525,5281.462726879862,5304.3857421875,82067000,0.0,0.0
5304.386397043864,5308.971000671387,5253.955757141113,5281.46337890625,89051500,0.0,0.0
5272.292977025953,5409.8310546875,5235.616156316208,5409.8310546875,56871500,0.0,0.0
5391.494155765504,5391.494155765504,5304.386682160449,5322.72509765625,74995500,0.0,0.0
5373.15492032061,5377.7395234949445,5253.9552377879,5299.80126953125,77944000,0.0,0.0
5263.1244106950435,5318.1396484375,5231.03218867861,5318.1396484375,96872500,0.0,0.0
5354.816771826257,5354.816771826257,5272.293910616605,5290.63232421875,66328000,0.0,0.0
5249.37165802343,5350.232947522571,5249.37165802343,5331.89453125,70452500,0.0,0.0
5331.894210367417,5345.648021744117,5276.878964860616,5308.97119140625,89482000,0.0,0.0
5281.462789948453,5341.062630460025,5244.785965018256,5336.47802734375,151006500,0.0,0.0
5354.81704955433,5405.247689575817,5350.232445916013,5400.6630859375,78152000,0.0,0.0
5409.831677204145,5446.508502134343,5304.385805529827,5336.47802734375,78626000,0.0,0.0
5409.831380208333,5666.569140625,5409.831380208333,5639.0615234375,161090000,0.0,0.0
5648.231684027778,5776.6005859375,5556.539611235119,5776.6005859375,137303500,0.0,0.0
5776.60000093228,5868.292064439141,5698.661746951447,5762.84619140625,82739500,0.0,0.0
5863.70773842894,6051.676477502893,5849.953928252797,5941.64599609375,191073500,0.0,0.0
5996.66064453125,6019.583659227471,5941.645409260322,5996.66064453125,131383500,0.0,0.0
5877.461164908246,5955.399417485032,5872.876561815494,5886.63037109375,83082500,0.0,0.0
5886.63115738703,5914.1387796178105,5794.939083284428,5859.12353515625,82374500,0.0,0.0
5946.230599485797,5946.230599485797,5854.538531644845,5941.64599609375,54905000,0.0,0.0
5959.984531548187,6019.584376863669,5950.815324576574,6005.83056640625,119784000,0.0,0.0
6005.830044681079,6028.753060118793,5996.6608385059935,6024.16845703125,99789000,0.0,0.0
5978.322712939343,6088.353192318594,5973.738109631873,6065.43017578125,147346500,0.0,0.0
6088.354077888258,6097.5232858368845,6005.8312063506155,6051.67724609375,68468500,0.0,0.0
6051.67724609375,6060.8464540423765,6005.8312063506155,6051.67724609375,75265500,0.0,0.0
6051.676206683168,6051.676206683168,6001.245571627475,6019.583984375,72349500,0.0,0.0
6033.337937853452,6037.922541149693,5849.953806003803,5877.46142578125,170140500,0.0,0.0
5822.446307900511,5950.815202877845,5776.600273980034,5941.64599609375,64339000,0.0,0.0
5941.646039301097,5950.81524615187,5849.953970793364,5854.53857421875,87361500,0.0,0.0
5854.538394015033,5868.292203867848,5625.308229801445,5689.49267578125,393091500,0.0,0.0
5703.246406799746,5900.384345298451,5703.246406799746,5863.70751953125,114563500,0.0,0.0
5923.308368156492,5946.231388157098,5813.277872153585,5914.13916015625,93897500,0.0,0.0
5959.984444538506,5982.907461632885,5891.215393255369,5923.3076171875,98210000,0.0,0.0
5923.307987028071,5927.892590733201,5831.615912925469,5859.12353515625,64995500,0.0,0.0
5959.984340550709,6033.337993972872,5941.645927195169,5978.32275390625,96636000,0.0,0.0
5978.323051088212,5978.323051088212,5891.215583319289,5950.8154296875,70561500,19.6,0.0
6060.811097908745,6070.008079847908,6014.826188212927,6047.015625,151420500,0.0,0.0
6070.008221394766,6235.553900160078,6065.4097303179515,6194.16748046875,214160000,0.0,0.0
6253.94783266129,6281.538778981855,6249.349341607863,6272.341796875,179785500,0.0,0.0
6281.538414574513,6345.917285587721,6074.606329174913,6244.75048828125,164024500,0.0,0.0
6309.129507643885,6391.90234375,6290.735544064748,6391.90234375,138674000,0.0,0.0
6405.697879232945,6437.887315812005,6272.341641976839,6378.10693359375,91920000,0.0,0.0
6378.106512810202,6378.106512810202,6212.560849896599,6253.947265625,147238500,0.0,0.0
6336.720957631772,6336.720957631772,6253.9481149341145,6281.5390625,93692500,0.0,0.0
6198.764912392963,6272.340757050447,6171.173970646407,6175.7724609375,61790500,0.0,0.0
6350.516387372212,6350.516387372212,6088.402387314127,6184.970703125,76948000,0.0,0.0
6244.750692812039,6272.341638435656,6125.189928443031,6235.5537109375,60234000,0.0,0.0
6230.954793745381,6263.144228104213,6198.765359386548,6221.7578125,34212500,0.0,0.0
6253.947389678729,6253.947389678729,6161.977575124631,6226.3564453125,52675500,0.0,0.0
6253.9472841989755,6304.530681350585,6180.371433796635,6286.13671875,47937000,0.0,0.0
6309.129572901974,6520.66015625,6299.932591017277,6520.66015625,104831000,0.0,0.0
6483.872017582343,6506.864471545401,6327.523330633549,6387.3037109375,89753500,0.0,0.0
6437.887189855527,6483.872098354495,6355.114354557385,6405.69775390625,71360000,0.0,0.0
6470.07757230718,6511.463996010638,6414.8956740359035,6483.873046875,75033500,0.0,0.0
6575.841485757743,6768.978088835943,6571.242995208262,6755.1826171875,169034500,0.0,0.0
6755.183729118475,6787.373168263355,6585.03955078125,6585.03955078125,95235000,0.0,0.0
6663.213247920689,6690.804193046655,6502.266068019224,6548.2509765625,76581500,0.0,0.0
6483.87219551282,6520.660122863248,6433.288795405983,6456.28125,89319500,0.0,0.0
6525.258226363116,6529.856717008897,6290.735203428289,6396.50048828125,89853500,0.0,0.0
6396.500778369689,6552.849467416828,6295.333979574482,6548.2509765625,86343000,0.0,0.0
6548.251244274137,6548.251244274137,6442.485950300608,6525.2587890625,73777000,0.0,0.0
6589.637663655083,6709.198430755594,6502.266333850864,6525.2587890625,107216000,0.0,0.0
6695.402876545936,6713.796840492491,6493.069273133834,6506.86474609375,66428000,0.0,0.0
6506.864887819452,6585.0392362950215,6506.864887819452,6511.46337890625,80829000,0.0,0.0
6621.82785847548,6621.82785847548,6437.88819574005,6470.07763671875,76836500,0.0,0.0
6396.50105531754,6437.887474798387,6272.341796875,6272.341796875,98658000,0.0,0.0
6272.3414330011965,6373.508230307668,6166.576144908068,6244.75048828125,97920000,0.0,0.0
6244.751641049592,6368.9109152088995,6244.751641049592,6345.91845703125,104627000,0.0,0.0
6345.916914178069,6437.886724528476,6217.1591796875,6217.1591796875,132762500,0.0,0.0
6217.159904233871,6364.311617943548,6065.409699470766,6272.341796875,113129000,0.0,0.0
6405.697456629136,6419.492928538602,6253.947265625,6253.947265625,86741000,0.0,0.0
6437.887620192308,6437.887620192308,6276.9404296875,6276.9404296875,67291000,0.0,0.0
6364.312126755106,6437.887989492159,6286.137772596987,6304.53173828125,80950500,0.0,0.0
6318.326472681671,6391.902326803146,6304.531000033894,6359.712890625,51602000,0.0,0.0
6483.872289051211,6488.470780036353,6327.5235955563585,6364.3115234375,45604000,0.0,0.0
6437.886637602973,6465.477580335557,6396.5002235040965,6419.49267578125,75574000,0.0,0.0
6483.872289051211,6483.872289051211,6345.917559496929,6364.3115234375,44984500,0.0,0.0
6424.0917457758,6424.0917457758,6290.735510537791,6327.5234375,36926000,0.0,0.0
6281.538209443934,6336.720097081801,6180.371415441176,6253.947265625,83922000,0.0,0.0
6327.523673901296,6387.304057448329,6281.538763480502,6382.70556640625,47221000,0.0,0.0
6336.72147376019,6401.100356657608,6299.933540675951,6345.91845703125,66011500,0.0,0.0
6299.932775235477,6345.91768600362,6194.16748046875,6194.16748046875,91204000,0.0,0.0
6235.5540092719775,6299.932885473901,6217.1600446428565,6276.9404296875,70487500,0.0,0.0
6345.917285587721,6382.705211880983,6244.75048828125,6244.75048828125,68913000,0.0,0.0
6272.3419385302195,6295.33439431662,6230.955518114697,6276.9404296875,58360000,0.0,0.0
6276.940527706784,6286.137510164963,6184.970703125,6184.970703125,71869000,0.0,0.0
6198.766098352442,6226.35704537775,6143.584204301827,6166.57666015625,78688000,0.0,0.0
6166.576313774916,6263.144622939177,6111.394422823911,6171.1748046875,173631500,0.0,0.0
6281.538809522489,6479.27392578125,6253.947863067779,6479.27392578125,205539000,0.0,0.0
6548.250924358517,6585.038850899858,6437.887144734497,6451.6826171875,81446500,0.0,0.0
6497.667095424107,6516.061057477678,6437.88671875,6437.88671875,84470000,0.0,0.0
6350.515740167527,6437.887064615886,6180.37158203125,6180.37158203125,120802500,0.0,0.0
6180.371415441176,6368.909531537224,6180.371415441176,6253.947265625,111871500,0.0,0.0
6391.902157011486,6391.902157011486,6180.37158203125,6180.37158203125,90883000,0.0,0.0
6161.97777192941,6175.773244553133,6070.007954437926,6074.6064453125,135582000,0.0,0.0
6180.372133668904,6180.372133668904,6088.402310251212,6166.57666015625,50302000,0.0,0.0
6322.924606199187,6327.5230968218775,6175.772906273097,6221.7578125,74328000,0.0,0.0
6267.743805091898,6272.342296511628,6129.7890625,6129.7890625,57416000,0.0,0.0
6171.175328714623,6171.175328714623,6088.402485259434,6093.0009765625,70755500,0.0,0.0
6115.992514744469,6129.787986582238,6074.60609923116,6079.20458984375,71474500,0.0,0.0
6088.402310251212,6180.372133668904,6079.2053279094425,6166.57666015625,70067500,0.0,0.0
6226.35616072254,6226.35616072254,6092.999935714451,6217.1591796875,125853000,0.0,0.0
6106.795818778323,6143.58374539747,6079.204873813963,6088.40185546875,67523500,0.0,0.0
6180.3710729246,6180.3710729246,6028.62089033047,6037.81787109375,127762500,0.0,0.0
5991.83381074704,6024.023247949825,5904.462481196622,5922.8564453125,152050000,0.0,0.0
5886.068485086342,5922.856413118132,5821.689611030711,5858.4775390625,119101500,0.0,0.0
5858.4778366742985,5927.455205237968,5794.098959348207,5899.8642578125,134467500,0.0,0.0
5895.265181247543,5991.833487648634,5849.2802734375,5849.2802734375,113370500,0.0,0.0
5858.476786216038,5936.651123237759,5858.476786216038,5881.46923828125,83115500,0.0,0.0
5876.871501502162,5881.469992504903,5651.545442367885,5715.92431640625,223390500,0.0,0.0
5715.9250870670185,5766.508494917169,5660.7431875941265,5725.1220703125,112286000,0.0,0.0
5748.1135128960195,5784.901439378554,5660.7421875,5660.7421875,73311500,0.0,0.0
5642.348506881082,5674.537944165652,5591.765105433901,5669.939453125,80215000,0.0,0.0
5660.743401953125,5771.107205078125,5642.349434765625,5748.11474609375,107908000,0.0,0.0
5782.0597748573755,5796.048629151385,5712.1155033873265,5721.44140625,123697500,86.4,0.0
5889.307946777343,5893.9708984375,5730.767590332031,5782.06005859375,116961000,0.0,0.0
5870.655924747527,5870.655924747527,5651.4972047609235,5656.16015625,110411500,0.0,0.0
5642.1715087890625,5651.497412109375,5576.890185546875,5595.5419921875,119211500,0.0,0.0
5693.463397879907,5879.9814453125,5651.496837207573,5879.9814453125,135519500,0.0,0.0
5879.982239547049,5884.645191362709,5763.408444155553,5856.66748046875,102686500,0.0,0.0
5940.599981324701,5940.599981324701,5796.048490413346,5852.00390625,79293500,0.0,0.0
5852.003771524871,5856.666722737241,5810.037210613536,5847.3408203125,47095000,0.0,0.0
5782.060022178228,5828.689538486117,5768.0711672858615,5814.70068359375,72721000,0.0,0.0
5782.060095422749,5805.374853872035,5749.41943359375,5749.41943359375,68397000,0.0,0.0
5782.059486247988,5852.003754226795,5763.40768145364,5796.04833984375,63758000,0.0,0.0
5856.66702122457,5963.914904575019,5805.374555274355,5959.251953125,108498500,0.0,0.0
5963.915011871022,5968.577963404932,5856.66712659109,5861.330078125,108742000,0.0,0.0
5940.601034195697,6001.219412095653,5926.612177757245,5973.24169921875,132650000,0.0,0.0
5968.577927215189,5973.240878720827,5889.307751619363,5893.970703125,87660000,0.0,0.0
6024.533323481377,6024.533323481377,5931.274293706123,5977.90380859375,57355000,0.0,0.0
6015.208268534105,6015.208268534105,5949.926938487998,5973.24169921875,65829500,0.0,0.0
6043.185079225352,6043.185079225352,5917.285390074824,5959.251953125,42065500,0.0,0.0
5921.94909286499,5996.556325531006,5912.6231887817385,5968.57861328125,50123500,0.0,0.0
5987.229626702335,5996.555529547665,5968.577821011673,5991.892578125,51685000,0.0,0.0
5968.577821011673,6015.207335238327,5968.577821011673,5991.892578125,38115500,0.0,0.0
6024.5340377807615,6024.5340377807615,5954.589757156372,5968.57861328125,48864000,0.0,0.0
5968.577686915888,5987.2294921875,5963.914735597985,5987.2294921875,68180500,0.0,0.0
5968.577835648148,6043.18505859375,5879.981758400246,6043.18505859375,70680000,0.0,0.0
6061.83740234375,6061.83740234375,5945.263606144831,6061.83740234375,129058500,0.0,0.0
5968.577856025039,6019.870321975254,5935.9371958749025,5959.251953125,73563000,0.0,0.0
5949.926306085008,5968.578112687155,5907.959741230176,5917.28564453125,64912500,0.0,0.0
5959.252172775029,6001.218737372036,5921.948559799912,5949.92626953125,64950000,0.0,0.0
6015.207047372494,6015.207047372494,5838.014901790979,5931.27392578125,92620000,0.0,0.0
5926.611989331152,5949.926749320653,5865.993613358449,5898.63427734375,59210000,0.0,0.0
5875.319345925945,6005.881998057632,5875.319345925945,5926.61181640625,87470000,0.0,0.0
6005.881161533094,6043.184771232058,5847.3408203125,5847.3408203125,537971500,0.0,0.0
5903.296655504486,5940.600267861544,5903.296655504486,5912.62255859375,102108500,0.0,0.0
5931.274816176471,5959.25252757353,5898.634152879902,5945.263671875,101442000,0.0,0.0
6061.836949560131,6075.825804059116,5987.229725565545,6029.1962890625,141732500,0.0,0.0
6057.174206542969,6155.09619140625,5996.555834960937,6155.09619140625,133810500,0.0,0.0
6173.747948921923,6173.747948921923,6061.837109968656,6136.4443359375,62108500,0.0,0.0
6117.792161179173,6127.118063863897,5996.555426277756,6089.814453125,62576000,0.0,0.0
6131.781258353178,6131.781258353178,5996.5556640625,5996.5556640625,64348000,0.0,0.0
5931.274107484685,6094.477404467362,5931.274107484685,6089.814453125,77198000,0.0,0.0
6113.128707839643,6173.7470703125,6052.510345366786,6173.7470703125,73262500,0.0,0.0
6127.118407071097,6136.444310278207,6024.53347179289,6033.859375,72780500,0.0,0.0
6080.4887413465285,6080.4887413465285,5968.577905616225,5977.90380859375,61478500,0.0,0.0
6010.544616982225,6033.859375,5973.241004153787,6033.859375,87799000,0.0,0.0
5987.22952660043,6001.218380634544,5931.274110463978,5954.5888671875,48984000,0.0,0.0
5959.252295616114,5959.252295616114,5852.004406101896,5903.296875,68448500,0.0,0.0
5875.319517354249,5917.28608533535,5856.667709362649,5898.63427734375,118043000,0.0,0.0
5875.3194609375005,5875.3194609375005,5791.38632578125,5828.68994140625,60823500,0.0,0.0
5828.6894307903685,5959.252074040073,5819.363527701104,5912.62255859375,65824000,0.0,0.0
5870.655474079555,5912.622034259631,5810.037109375,5810.037109375,52451000,0.0,0.0
5884.644771852355,5884.644771852355,5782.059839221015,5791.3857421875,56010000,0.0,0.0
5810.037989701131,5838.015700726979,5772.734375,5772.734375,68939500,0.0,0.0
5688.801037688378,5735.430554390741,5646.83447265625,5646.83447265625,84420500,0.0,0.0
5642.171252229374,5679.474863814361,5632.845349333126,5637.50830078125,53704000,0.0,0.0
5595.541688278008,5660.823007974585,5595.541688278008,5618.8564453125,65795000,0.0,0.0
5651.497105160788,5665.485959381484,5595.541688278008,5618.8564453125,58153000,0.0,0.0
5660.823072489754,5726.104392930328,5632.845363729509,5688.80078125,67392500,0.0,0.0
5688.800562282631,5716.778269965988,5660.822854599273,5698.12646484375,39710500,0.0,0.0
5698.1269410288505,5698.1269410288505,5646.83447265625,5646.83447265625,34279500,0.0,0.0
5763.4080404987635,5763.4080404987635,5623.519495826463,5656.16015625,35595000,0.0,0.0
5595.541906951372,5632.845519664381,5576.890100594867,5609.53076171875,47297000,0.0,0.0
5604.867456784676,5614.193359375,5586.215651604028,5614.193359375,40707500,0.0,0.0
5660.823003190842,5763.407934055916,5614.193489161265,5754.08203125,65981500,0.0,0.0
5754.0820869843365,5758.745038432459,5609.530592092509,5637.50830078125,65946500,0.0,0.0
5614.193528928422,5623.519431800396,5576.889917440526,5586.2158203125,59321000,0.0,0.0
5595.54262699305,5702.79052734375,5590.879674803889,5702.79052734375,49724000,0.0,0.0
5754.081880210464,5754.081880210464,5646.834000757595,5698.12646484375,47998500,0.0,0.0
5698.126071698064,5698.126071698064,5600.2041015625,5600.2041015625,47119000,0.0,0.0
5642.171287600094,5707.45260828307,5604.86767578125,5604.86767578125,55009500,0.0,0.0
5702.789649944786,5740.09326171875,5642.171280812094,5740.09326171875,60792000,0.0,0.0
5763.407714439209,5772.733616889758,5618.856226455701,5628.18212890625,79938000,0.0,0.0
5632.844758274355,5651.496562109701,5600.2041015625,5600.2041015625,48171500,0.0,0.0
5600.2041015625,5651.496562109701,5595.5411506036635,5600.2041015625,53107500,0.0,0.0
5600.204894815401,5604.86784643473,5567.56423348009,5576.89013671875,74133000,0.0,0.0
5646.834558347992,5674.812268793978,5576.890282233029,5632.845703125,84605000,0.0,0.0
5632.845284364531,5688.8007010966285,5558.238062055067,5567.56396484375,105685000,0.0,0.0
5651.4973128145975,5656.160264392827,5506.9458138894715,5558.23828125,119981500,0.0,0.0
5618.856738519629,5763.408239676566,5581.55312531784,5730.767578125,110071500,0.0,0.0
5730.767394221686,5735.430345722273,5651.497218711704,5707.45263671875,41112000,0.0,0.0
5754.08210953001,5884.644750589037,5726.104400731647,5875.31884765625,93768000,0.0,0.0
5931.273906757306,5931.273906757306,5721.441103452212,5744.755859375,67285000,0.0,0.0
5721.441687011718,5782.06005859375,5693.463977050781,5782.06005859375,52858500,0.0,0.0
5828.689332992311,5875.31884765625,5702.7896433996775,5875.31884765625,60446000,0.0,0.0
5707.452594866071,5893.970653521826,5707.452594866071,5875.31884765625,118325500,0.0,0.0
5921.948390728598,6001.2185660375635,5898.633633284784,5977.90380859375,86929000,0.0,0.0
5987.2294921875,5987.2294921875,5879.98161187573,5987.2294921875,69282000,0.0,0.0
6080.48896484375,6304.31064453125,6024.533544921875,6155.09619140625,186354500,0.0,0.0
6155.09619140625,6155.09619140625,6089.814868164062,6155.09619140625,100926000,0.0,0.0
6155.09619140625,6155.09619140625,6071.163061523437,6155.09619140625,120163500,0.0,0.0
6075.825747685295,6145.77001953125,6075.825747685295,6145.77001953125,68253000,0.0,0.0
6127.118481445313,6155.09619140625,6061.837158203125,6155.09619140625,59561500,0.0,0.0
6155.09619140625,6159.759143066406,6141.107336425781,6155.09619140625,80751500,0.0,0.0
6117.7919921875,6136.44379704173,6033.858870343464,6117.7919921875,74337000,0.0,0.0
6052.51127922187,6089.814892653129,6052.51127922187,6071.1630859375,71572500,0.0,0.0
6089.813933233768,6136.443442676599,6080.488031345201,6122.45458984375,74564500,0.0,0.0
6080.488600310115,6127.118114116173,6075.825648929508,6108.46630859375,115373500,0.0,0.0
6108.465737010901,6155.095246453732,6094.4768841780515,6122.45458984375,67362500,0.0,0.0
6085.151770355505,6131.781285837155,6019.870448681192,6099.140625,53257000,0.0,0.0
6117.792578125,6155.09619140625,6075.826013183593,6155.09619140625,35764500,0.0,0.0
6155.096007604563,6159.7589591254755,6108.466492395438,6131.78125,36780000,0.0,0.0
6150.432921155584,6159.758823992817,6127.1181640625,6127.1181640625,53902000,0.0,0.0
6108.467270750437,6150.4338397861275,5987.230515758443,6005.88232421875,77888000,0.0,0.0
5977.903718666761,6127.1181640625,5977.903718666761,6127.1181640625,110074000,0.0,0.0
6057.174011979367,6122.455333124641,6057.174011979367,6080.48876953125,41483500,0.0,0.0
6117.792834668192,6117.792834668192,6085.152171678346,6113.1298828125,29929000,0.0,0.0
6145.770275794976,6150.4332274458075,6057.174194429192,6103.8037109375,51990500,0.0,0.0
6103.803341813415,6108.466293182256,6047.847925387317,6057.173828125,44514000,0.0,0.0
6136.4446319110575,6136.4446319110575,6043.185594951923,6061.83740234375,58672500,0.0,0.0
6052.51106046899,6094.4776240623805,6043.185157448236,6080.48876953125,117540000,0.0,0.0
6127.118079530894,6145.769884948035,6071.1626632794705,6141.10693359375,73157500,0.0,0.0
6071.163037034139,6094.477795240875,6033.859423903361,6052.51123046875,57115500,0.0,0.0
6061.837412399886,6136.444642090961,6061.837412399886,6113.1298828125,68722000,0.0,0.0
6113.129577822237,6145.770239183606,6103.803674576131,6136.4443359375,60998500,0.0,0.0
6061.8367605709,6141.10693359375,6061.8367605709,6141.10693359375,60539500,0.0,0.0
6141.107287560553,6150.433190806659,6113.129577822237,6136.4443359375,55052500,0.0,0.0
6099.140575572757,6117.792381614264,6061.8369634897435,6080.48876953125,80186000,0.0,0.0
6080.488916460867,6136.4443359375,6075.825964837813,6136.4443359375,74079000,0.0,0.0
6155.095731026786,6528.1318359375,6150.432779715402,6528.1318359375,156848000,0.0,0.0
6434.872692943325,6434.872692943325,6257.680546326045,6304.31005859375,103954500,0.0,0.0
6285.65874332121,6490.82861328125,6285.65874332121,6490.82861328125,74719000,0.0,0.0
6444.1986963699155,6476.83935546875,6397.56918337158,6476.83935546875,54986500,0.0,0.0
6509.479995430014,6695.998046875,6500.154092857765,6695.998046875,174312000,0.0,0.0
6691.336023767567,6691.336023767567,6602.739937041725,6677.34716796875,107263500,0.0,0.0
6714.6503665123455,6807.909399380573,6691.335608295289,6798.58349609375,94643500,0.0,0.0
6751.953528816333,6798.583042136888,6742.627626152223,6765.9423828125,47201000,0.0,0.0
6765.942665308551,6826.56103515625,6756.616762255059,6826.56103515625,91067000,0.0,0.0
6901.167916839701,7693.869637017234,6901.167916839701,7017.74169921875,210893300,0.0,5.0
7087.686164314516,7367.463249747984,7087.686164314516,7227.57470703125,138811900,0.0,0.0
7274.20396752451,7344.148236443014,6947.797379238154,7134.3154296875,142378200,0.0,0.0
7134.315481597799,7157.630238073609,6971.112186267131,7017.74169921875,116644300,0.0,0.0
6971.112001953125,7017.741513671875,6854.53822265625,6994.4267578125,134601200,0.0,0.0
6994.427490234375,7041.0570068359375,6854.5389404296875,6901.16845703125,106120100,0.0,0.0
6947.797429791321,7041.05645569456,6924.4826733155105,7017.74169921875,96730700,0.0,0.0
6901.167916839701,7017.74169921875,6901.167916839701,7017.74169921875,60329800,0.0,0.0
7087.685968646179,7087.685968646179,6994.42694274294,7017.74169921875,70103000,0.0,0.0
7064.371641018247,7064.371641018247,6924.483093671351,6947.7978515625,57067000,0.0,0.0
6854.539244570974,6924.4835225768,6854.539244570974,6877.85400390625,75271900,0.0,0.0
6947.798034463838,6971.11279296875,6877.853758949102,6971.11279296875,60639200,0.0,0.0
7041.0570068359375,7041.0570068359375,6901.16845703125,6901.16845703125,38593400,0.0,0.0
6877.85345208155,6924.482967010917,6761.279664758134,6807.9091796875,90535400,0.0,0.0
6807.909060108418,6901.168088329082,6761.279545998087,6854.53857421875,61621500,0.0,0.0
6924.4835225768,6971.113041247351,6877.85400390625,6877.85400390625,61081400,0.0,0.0
6971.112609453649,6971.112609453649,6877.853577889052,6947.7978515625,43120400,0.0,0.0
6994.426825495049,7087.685849834984,6947.7973133250825,7064.37109375,85441700,0.0,0.0
7087.686583876221,7157.630859375,7064.371825376628,7157.630859375,101785800,0.0,0.0
7157.6301859936675,7157.6301859936675,7064.371160768995,7134.3154296875,47503900,0.0,0.0
7180.945617874592,7227.575134873779,7087.686583876221,7157.630859375,55790000,0.0,0.0
7227.574507501038,7227.574507501038,7017.74169921875,7017.74169921875,52590100,0.0,0.0
7111.000537109375,7111.000537109375,6994.4267578125,6994.4267578125,67344200,0.0,0.0
6901.168517454013,6971.11279296875,6831.224241939277,6971.11279296875,98616900,0.0,0.0
7017.898166769803,7088.0771484375,6947.719185102104,7088.0771484375,61968100,25.0,0.0
6947.71965562975,7017.898642050253,6924.32666015625,6924.32666015625,78839600,0.0,0.0
6947.7197265625,6971.112722274831,6900.933735137836,6947.7197265625,68203700,0.0,0.0
6947.719867004598,7041.291851745401,6924.326870819397,6994.505859375,66328300,0.0,0.0
6924.326870819397,7017.8988555602,6924.326870819397,6994.505859375,43477500,0.0,0.0
7088.077844115803,7088.077844115803,6947.719867004598,6994.505859375,35181400,0.0,0.0
6971.112722274831,7041.291709411827,6947.7197265625,6947.7197265625,40216100,0.0,0.0
6924.326299398625,6971.112287908076,6783.968333870275,6807.361328125,113288400,0.0,0.0
6807.361682788745,6947.71965562975,6713.789700894742,6924.32666015625,87907900,0.0,0.0
6854.14731663445,6947.71929365335,6807.361328125,6807.361328125,144923700,0.0,0.0
6807.361400029431,6971.112361542167,6807.361400029431,6830.75439453125,76538100,0.0,0.0
6900.9329833984375,7017.89794921875,6830.754003906251,7017.89794921875,66831000,0.0,0.0
7041.291565148305,7041.291565148305,6877.540598516949,6900.93359375,63283700,0.0,0.0
6971.11250730761,6994.505502298575,6877.54052734375,6877.54052734375,56944100,0.0,0.0
6971.11250730761,6994.505502298575,6877.54052734375,6877.54052734375,51258200,0.0,0.0
6971.112722274831,6994.505717987163,6924.326730850168,6947.7197265625,74775000,0.0,0.0
6924.3265173256805,6971.11250730761,6877.54052734375,6877.54052734375,54886400,0.0,0.0
6854.147603283898,6900.93359375,6807.361612817796,6900.93359375,91092400,0.0,0.0
6900.933378036709,6924.326372538528,6830.75439453125,6830.75439453125,59977100,0.0,0.0
6830.75439453125,6900.933378036709,6807.361400029431,6830.75439453125,49763600,0.0,0.0
6830.75439453125,6900.933378036709,6807.361400029431,6830.75439453125,52477600,0.0,0.0
6900.933305143901,6924.326299398625,6807.361328125,6807.361328125,95171400,0.0,0.0
6854.146997070313,7017.89794921875,6830.754003906251,7017.89794921875,107096800,0.0,0.0
6877.540598516949,6924.326588983051,6854.147603283898,6900.93359375,74753000,0.0,0.0
6854.147603283898,6924.326588983051,6854.147603283898,6900.93359375,52386100,0.0,0.0
6947.719439926407,6947.719439926407,6854.1474609375,6854.1474609375,33232000,0.0,0.0
6854.14738903307,6877.540383534889,6830.75439453125,6830.75439453125,37136400,0.0,0.0
6830.75439453125,6877.540383534889,6830.75439453125,6830.75439453125,30802100,0.0,0.0
6830.7545373618195,6877.54052734375,6830.7545373618195,6877.54052734375,20722100,0.0,0.0
6900.933522334715,6924.3265173256805,6854.147532352785,6877.54052734375,39343800,0.0,0.0
6877.540383534889,6900.933378036709,6830.75439453125,6830.75439453125,42079500,0.0,0.0
6877.540383534889,6877.540383534889,6830.75439453125,6830.75439453125,49954700,0.0,0.0
6854.1474609375,6924.32644517918,6830.754466190273,6854.1474609375,54287400,0.0,0.0
6854.147673735747,6971.112651103252,6854.147673735747,6924.32666015625,70624000,0.0,0.0
6971.11279296875,7041.291780817429,6900.933805120071,6971.11279296875,76164900,0.0,0.0
7017.8988555602,7041.291851745401,6947.719867004598,6994.505859375,63657100,0.0,0.0
7064.684369255514,7205.042336856617,7017.898380055147,7158.25634765625,143433300,0.0,0.0
7088.077707391036,7158.2566945929275,7064.684711657072,7111.470703125,45351900,0.0,0.0
7158.256975446428,7205.04296875,7134.863978794642,7205.04296875,110334600,0.0,0.0
7205.04296875,7205.04296875,7158.256975446428,7205.04296875,62606000,0.0,0.0
7205.04296875,7251.828962053572,7158.256975446428,7205.04296875,50025200,0.0,0.0
7205.042421377389,7345.400390625,7158.256431628185,7345.400390625,65898700,0.0,0.0
7392.186088709677,7392.186088709677,7205.042137096774,7251.828125,63902600,0.0,0.0
7275.2218880420405,7275.2218880420405,7064.684920220888,7181.64990234375,71476300,0.0,0.0
7158.256905919177,7228.435895192895,7088.07791664546,7181.64990234375,60389700,0.0,0.0
7228.435203037078,7275.22119140625,7134.863226298734,7275.22119140625,59925500,0.0,0.0
7275.221208296482,7438.97216796875,7205.042225579796,7438.97216796875,63370500,0.0,0.0
7322.0067623823115,7345.399755233373,7275.220776680188,7298.61376953125,40278300,0.0,0.0
7181.649214667907,7275.22119140625,7134.863226298734,7275.22119140625,106796900,0.0,0.0
7205.04296875,7251.828962053572,7158.256975446428,7205.04296875,53350200,0.0,0.0
7134.862819573817,7298.61376953125,7134.862819573817,7298.61376953125,71945100,0.0,0.0
7298.614185590836,7322.007179775423,7205.042208852492,7275.22119140625,70595000,0.0,0.0
7275.221745325308,7275.221745325308,7134.86376953125,7134.86376953125,68122000,0.0,0.0
7275.220776680188,7298.61376953125,7181.648805275941,7298.61376953125,65308100,0.0,0.0
7298.61453276699,7322.0075280643205,7205.04255157767,7228.435546875,35100600,0.0,0.0
7251.828542172329,7298.61453276699,7205.04255157767,7228.435546875,39324700,0.0,0.0
7275.220776680188,7298.61376953125,7205.041798127003,7298.61376953125,56813200,0.0,0.0
7251.828542172329,7345.40052336165,7228.435546875,7228.435546875,61883100,0.0,0.0
7345.400191013168,7438.97216796875,7298.614202535377,7438.97216796875,108922200,0.0,0.0
7438.972076612903,7438.972076612903,7251.828125,7251.828125,93277000,0.0,0.0
7181.649356342353,7322.00732421875,7158.256361696286,7322.00732421875,71968800,0.0,0.0
7251.828962053572,7275.221958705357,7205.04296875,7205.04296875,57710700,0.0,0.0
7251.828000992064,7368.79296875,7228.4350074404765,7368.79296875,55617000,0.0,0.0
7345.400742677312,7462.36572265625,7322.007746681525,7462.36572265625,77055100,0.0,0.0
7345.400532782832,7415.579518764834,7298.614542128164,7392.1865234375,48704600,0.0,0.0
7438.972585395308,7438.972585395308,7345.400603189078,7415.57958984375,56813400,0.0,0.0
7415.579173729854,7462.365162207645,7392.186179490959,7438.97216796875,43821700,0.0,0.0
7392.1865234375,7438.972514092167,7345.400532782832,7392.1865234375,80095500,0.0,0.0
7392.186462781444,7579.330423864519,7368.79346764606,7532.54443359375,99240300,0.0,0.0
7602.723274230957,7626.116268920899,7415.579316711426,7485.75830078125,124947700,0.0,0.0
7438.972453052213,7649.509409270672,7415.579457916829,7532.54443359375,135899900,0.0,0.0
7485.758443322981,7649.509409270672,7485.758443322981,7532.54443359375,136616800,0.0,0.0
7696.295682614126,7696.295682614126,7462.36572265625,7462.36572265625,100301000,0.0,0.0
7462.365509419501,7509.151500074169,7392.1865234375,7392.1865234375,132983400,0.0,0.0
7298.614955357142,7345.400948660714,7205.04296875,7205.04296875,130990900,0.0,0.0
7205.042336856617,7345.40030445772,7158.25634765625,7158.25634765625,119256500,0.0,0.0
7205.042421377389,7438.972370123408,7158.256431628185,7345.400390625,132814500,0.0,0.0
7415.57958984375,7462.3655809468655,7298.614612085962,7415.57958984375,86484000,0.0,0.0
7228.435219818691,7438.97216796875,7228.435219818691,7438.97216796875,61053900,0.0,0.0
7532.544504643963,7579.330495356037,7438.972523219814,7555.9375,78432100,0.0,0.0
7626.11669921875,7672.902691238497,7555.937711189129,7626.11669921875,111214500,0.0,0.0
7743.081821348609,7743.081821348609,7555.937849835652,7672.90283203125,149761300,0.0,0.0
7766.474237060547,7766.474237060547,7485.75830078125,7485.75830078125,132439400,0.0,0.0
7485.758504746836,7579.33048605617,7392.1865234375,7392.1865234375,143981700,0.0,0.0
7298.614542128164,7438.972514092167,7298.614542128164,7392.1865234375,85485500,0.0,0.0
7392.186594292192,7438.972585395308,7368.793598740635,7415.57958984375,60010900,0.0,0.0
7415.579518764834,7438.972514092167,7322.007537455498,7392.1865234375,82208000,0.0,0.0
7345.400603189078,7438.972585395308,7298.614612085962,7415.57958984375,95245100,0.0,0.0
7392.186179490959,7438.97216796875,7392.186179490959,7438.97216796875,85101200,0.0,0.0
7434.222038172468,7505.4765625,7410.470530063291,7505.4765625,83911500,120.0,0.0
7481.725141197253,7505.476649582006,7434.222124427746,7457.9736328125,62180600,0.0,0.0
7505.476116071428,7505.476116071428,7434.221595982142,7481.724609375,71430600,0.0,0.0
7529.228426846591,7600.482954545455,7481.725408380682,7576.7314453125,112691900,0.0,0.0
7671.737572703075,7671.737572703075,7457.973987085962,7529.228515625,105575400,0.0,0.0
7529.228070609178,7529.228070609178,7434.222038172468,7505.4765625,57321200,0.0,0.0
7505.4765625,7505.4765625,7457.973546281646,7505.4765625,48528300,0.0,0.0
7434.222300277218,7457.97380922379,7362.9677734375,7362.9677734375,119263000,0.0,0.0
7339.216264490928,7434.222300277218,7315.464755544354,7362.9677734375,68619400,0.0,0.0
7410.470616042993,7481.725141197253,7386.71910765824,7457.9736328125,69791600,0.0,0.0
7434.2218503489075,7481.724865367111,7339.2158203125,7339.2158203125,62776200,0.0,0.0
7339.215693547176,7410.47021484375,7315.464186448317,7410.47021484375,73471300,0.0,0.0
7410.47021484375,7457.973229041467,7362.967200646034,7410.47021484375,57622100,0.0,0.0
7410.470880681818,7410.470880681818,7315.46484375,7315.46484375,93342900,0.0,0.0
7315.46484375,7339.216352982955,7244.210316051136,7315.46484375,68464700,0.0,0.0
7315.464485143443,7315.464485143443,7244.2099609375,7244.2099609375,98632000,0.0,0.0
7339.215456495098,7339.215456495098,7244.2094311683,7267.9609375,124388800,0.0,0.0
7410.470968059936,7529.228515625,7362.967949033911,7529.228515625,129323400,0.0,0.0
7457.973102678571,7529.227622767857,7410.470089285714,7481.724609375,85956100,0.0,0.0
7481.725364685059,7600.48291015625,7434.222346496583,7600.48291015625,91279600,0.0,0.0
7529.228167067308,7719.240234375,7529.228167067308,7719.240234375,128360900,0.0,0.0
7671.737569669398,7790.4951171875,7671.737569669398,7790.4951171875,89463100,0.0,0.0
7837.997776442307,7837.997776442307,7671.737217548077,7719.240234375,133730600,0.0,0.0
7481.725086412932,7505.476594623767,7220.45849609375,7220.45849609375,456796600,0.0,0.0
6887.937506488787,7220.458627491695,6887.937506488787,7149.2041015625,268445700,0.0,0.0
7149.203405841503,7315.463950163398,7077.948886846405,7267.9609375,156535200,0.0,0.0
7149.204049546284,7172.955558016537,6911.68896484375,6911.68896484375,240529600,0.0,0.0
6887.937370013866,7101.70094356602,6887.937370013866,6959.19189453125,212968600,0.0,0.0
6911.68923042916,7101.701305492504,6911.68923042916,7030.44677734375,159657600,0.0,0.0
7125.452022741337,7196.70654296875,7006.6944890289815,7196.70654296875,153514300,0.0,0.0
7030.446688863255,7101.701216115247,7006.695179779257,7077.94970703125,140908900,0.0,0.0
7054.198286726668,7101.701305492504,7030.44677734375,7030.44677734375,86520200,0.0,0.0
7077.949347854873,7101.700855733581,6982.943316340043,7006.69482421875,71603500,0.0,0.0
6959.191851349915,7101.700899500425,6959.191851349915,6982.943359375,108710800,0.0,0.0
7030.446332097458,7077.949347854873,6982.943316340043,7006.69482421875,76747400,0.0,0.0
7149.203529483808,7196.70654296875,7101.700515998866,7196.70654296875,84336900,0.0,0.0
7196.70654296875,7220.458049711222,7101.700515998866,7196.70654296875,105411400,0.0,0.0
7220.458719758064,7362.9677734375,7149.204192918347,7362.9677734375,286292700,0.0,0.0
7244.209556453693,7291.712569938635,7149.203529483808,7196.70654296875,149226300,0.0,0.0
7220.45849609375,7291.713020726254,7196.706987882915,7220.45849609375,80563100,0.0,0.0
7172.95574336724,7196.707252451237,7054.198197947252,7077.94970703125,81140300,0.0,0.0
6935.440300582627,7101.700855733581,6935.440300582627,7006.69482421875,129242500,0.0,0.0
7125.452463250412,7220.45849609375,7054.197938617907,7220.45849609375,108910500,0.0,0.0
7125.4521484375,7196.706669921875,7125.4521484375,7125.4521484375,107828300,0.0,0.0
7030.44637542517,7077.94939147534,6982.943359375,6982.943359375,111768600,0.0,0.0
6935.44034332483,7030.44637542517,6911.688835299745,6982.943359375,85539500,0.0,0.0
6935.4407398120775,7030.44677734375,6887.937721046242,7030.44677734375,80865100,0.0,0.0
6935.440386358789,7006.694910876174,6935.440386358789,6959.19189453125,130367100,0.0,0.0
7030.4459957714525,7220.458049711222,7006.6944890289815,7196.70654296875,132666300,0.0,0.0
7054.197626953125,7172.955162760416,7054.197626953125,7125.4521484375,117839400,0.0,0.0
7220.458452868853,7267.961469006148,7125.452420594263,7244.2099609375,88138700,0.0,0.0
7220.457924836601,7267.9609375,7172.9549121732025,7267.9609375,44295700,0.0,0.0
7244.209684244792,7267.96119140625,7125.4521484375,7125.4521484375,53041800,0.0,0.0
7077.949575633305,7196.70711884863,7077.949575633305,7149.2041015625,60443000,0.0,0.0
7220.458716555184,7220.458716555184,7101.701171875,7101.701171875,57956600,0.0,0.0
7101.700899500425,7125.45240752551,6982.943359375,6982.943359375,76354100,0.0,0.0
6935.4404296875,7030.446462970891,6935.4404296875,6935.4404296875,146078100,0.0,0.0
6959.191981784256,7030.446507195017,6911.68896484375,6911.68896484375,98517800,0.0,0.0
6935.440517241379,7030.446551724138,6887.9375,6887.9375,101343900,0.0,0.0
6935.440517241379,6959.1920258620685,6887.9375,6887.9375,68738800,0.0,0.0
6887.937860150709,6911.689370013298,6650.422761524823,6697.92578125,102238600,0.0,0.0
6745.428448275862,6959.1920258620685,6745.428448275862,6887.9375,69172900,0.0,0.0
6935.4404296875,6959.191938008347,6816.682888083262,6935.4404296875,66801100,0.0,0.0
6864.185761787522,6887.937269613776,6745.42822265625,6745.42822265625,86126800,0.0,0.0
6769.180131392046,6816.683149857955,6721.677112926136,6792.931640625,64312400,0.0,0.0
6840.4351973684215,6840.4351973684215,6769.1806640625,6769.1806640625,36830800,0.0,0.0
6816.68310546875,6887.937632703615,6792.931596390462,6816.68310546875,34269000,0.0,0.0
6745.42839704241,6769.179905482701,6650.42236328125,6650.42236328125,71988200,0.0,0.0
6674.173828125,6745.428352980427,6650.422319839858,6674.173828125,83316300,0.0,0.0
6745.42839704241,6745.42839704241,6650.42236328125,6650.42236328125,57419900,0.0,0.0
6674.174094460227,6792.931640625,6674.174094460227,6792.931640625,60077700,0.0,0.0
6745.428578233885,6816.68310546875,6745.428578233885,6816.68310546875,59641000,0.0,0.0
6840.434702280405,7030.44677734375,6816.683192897487,7030.44677734375,105792900,0.0,0.0
7030.44677734375,7030.44677734375,6887.937721046242,7030.44677734375,64337100,0.0,0.0
7030.446419048635,7030.446419048635,6935.440386358789,6959.19189453125,38956500,0.0,0.0
6982.9434463291955,7006.694954650043,6935.4404296875,6935.4404296875,31247600,0.0,0.0
6887.9374130458045,7006.694954650043,6887.9374130458045,6935.4404296875,44379900,0.0,0.0
6959.19189453125,6982.943402703712,6911.688878186327,6959.19189453125,58465500,0.0,0.0
7006.694867400085,7077.94939147534,6959.191851349915,6982.943359375,86909700,0.0,0.0
7030.44637542517,7101.700899500425,6982.943359375,6982.943359375,131553000,0.0,0.0
6982.943105468749,7125.4521484375,6982.943105468749,7125.4521484375,104841600,0.0,0.0
7220.45849609375,7244.210004304585,7125.452463250412,7220.45849609375,106466900,0.0,0.0
7244.2099609375,7244.2099609375,7196.706944800205,7244.2099609375,60170600,0.0,0.0
7291.712679349459,7410.47021484375,7267.9611722506015,7410.47021484375,164221000,0.0,0.0
7434.221595982142,7481.724609375,7339.215569196428,7481.724609375,118734200,0.0,0.0
7481.724609375,7529.227622767857,7362.967075892857,7481.724609375,84328900,0.0,0.0
7481.725054390823,7576.731086827532,7481.725054390823,7505.4765625,92875800,0.0,0.0
7410.470530063291,7505.4765625,7339.21600573576,7505.4765625,104376300,0.0,0.0
7457.973460839229,7552.9794921875,7434.221953002162,7552.9794921875,73204700,0.0,0.0
7529.228515625,7576.731534651025,7457.973987085962,7529.228515625,59381200,0.0,0.0
7552.9794921875,7576.731000024567,7505.476476513364,7552.9794921875,81411000,0.0,0.0
7552.979936079546,7576.7314453125,7457.973899147727,7576.7314453125,83556700,0.0,0.0
7505.476873779297,7624.234419250489,7481.725364685059,7600.48291015625,86136900,0.0,0.0
7647.985611155063,7647.985611155063,7505.4765625,7505.4765625,58194900,0.0,0.0
7457.973855590821,7600.48291015625,7434.222346496583,7600.48291015625,97293300,0.0,0.0
7600.48259493671,7600.48259493671,7505.4765625,7505.4765625,71671800,0.0,0.0
7552.9794921875,7624.234015698703,7505.476476513364,7552.9794921875,108892400,0.0,0.0
7600.482778637771,7695.488813370743,7505.476743904798,7671.7373046875,99503500,0.0,0.0
7624.234419250489,7719.240455627441,7600.48291015625,7600.48291015625,80472400,0.0,0.0
7600.4826495398775,7742.99169921875,7552.979632980253,7742.99169921875,57762100,0.0,0.0
7695.488155819954,7861.74870239631,7671.736649166189,7766.74267578125,124467000,0.0,0.0
7671.737569669398,7814.246626691121,7647.986060165777,7790.4951171875,137659900,0.0,0.0
7742.99169921875,7837.997732337999,7719.240190938938,7742.99169921875,74960800,0.0,0.0
7742.992053927622,7814.24658203125,7742.992053927622,7814.24658203125,71430600,0.0,0.0
7814.246493521054,7885.501020817598,7790.494984422206,7861.74951171875,62906000,0.0,0.0
7885.501020817598,7933.004039015294,7837.998002619902,7861.74951171875,67079900,0.0,0.0
7837.997347248134,7956.7548828125,7837.997347248134,7956.7548828125,117931700,0.0,0.0
7980.506923652694,8075.512958458084,7933.00390625,7933.00390625,132777400,0.0,0.0
8075.512418376866,8075.512418376866,7861.748854361008,7956.7548828125,91234600,0.0,0.0
7909.251868586754,8004.2578970382465,7909.251868586754,7956.7548828125,52395300,0.0,0.0
7956.755113349982,8146.767175758339,7956.755113349982,8099.26416015625,124485200,0.0,0.0
7956.7556367761945,8218.022239774815,7956.7556367761945,8075.51318359375,116642400,0.0,0.0
8075.512276785714,8431.784877232143,8075.512276785714,8313.02734375,190404800,0.0,0.0
8265.524344720783,8289.275851458488,8028.00927734375,8028.00927734375,363127600,0.0,0.0
8051.760934113078,8313.027513096098,8028.009426932804,8218.021484375,102530600,0.0,0.0
8123.0166015625,8218.022643686038,8123.0166015625,8123.0166015625,89238400,0.0,0.0
8099.264737739675,8170.519266224189,8004.258699760325,8051.76171875,90933700,0.0,0.0
7956.755680770649,8099.264737739675,7956.755680770649,8051.76171875,61908500,0.0,0.0
7956.7548828125,8051.760911263993,7956.7548828125,7956.7548828125,60567600,0.0,0.0
7790.494725982938,8075.512825714021,7790.494725982938,8004.25830078125,106228200,0.0,0.0
7956.755503459149,8028.010030355797,7885.5009765625,7885.5009765625,89567100,0.0,0.0
7837.997431024774,8004.257982591967,7837.997431024774,7909.251953125,89153400,0.0,0.0
7909.251868586754,8028.00940415112,7909.251868586754,7956.7548828125,62643700,0.0,0.0
7956.756027846309,8146.768112093385,7861.74998572277,8123.0166015625,176524800,0.0,0.0
8028.010164866728,8099.26469295726,8028.010164866728,8075.51318359375,115079600,0.0,0.0
8099.265091031616,8194.271133155155,8099.265091031616,8123.0166015625,80524500,0.0,0.0
8099.26379755686,8123.015304294563,8004.2577706060465,8028.00927734375,63788000,0.0,0.0
8051.761317403098,8075.512825714021,8004.25830078125,8004.25830078125,43967400,0.0,0.0
7909.252664705602,7956.755683712843,7790.4951171875,7790.4951171875,112043400,0.0,0.0
7742.991922769202,7956.755503459149,7719.240413803652,7885.5009765625,80238200,0.0,0.0
7790.494543087121,7885.500574100379,7742.991527580492,7837.99755859375,64060000,0.0,0.0
7790.494416291292,7909.251953125,7766.74290892455,7909.251953125,47569700,0.0,0.0
7861.74951171875,7956.755548114143,7861.74951171875,7861.74951171875,62282800,0.0,0.0
7885.500574100379,7933.003589607008,7837.99755859375,7837.99755859375,70642900,0.0,0.0
7837.99755859375,7885.500574100379,7766.743035333807,7837.99755859375,56387500,0.0,0.0
7861.74946759695,8051.761539321347,7837.9979586314,7885.5009765625,85665300,0.0,0.0
7837.998002619902,7933.004039015294,7814.246493521054,7861.74951171875,66753500,0.0,0.0
7837.998089958639,8075.513183593749,7837.998089958639,8075.51318359375,91812300,0.0,0.0
8028.009426932804,8289.276005915824,8028.009426932804,8218.021484375,122777800,0.0,0.0
8313.028056969804,8455.537109375,8289.276548235604,8455.537109375,89416500,0.0,0.0
8384.282939340876,8431.785958827226,8265.525390625,8265.525390625,84696300,0.0,0.0
8194.271133155155,8218.022643686038,8123.0166015625,8123.0166015625,98962100,0.0,0.0
8123.016332165948,8265.525390625,8123.016332165948,8265.525390625,77003400,0.0,0.0
8218.021316964285,8313.02734375,8218.021316964285,8313.02734375,84980600,0.0,0.0
8408.03328635476,8408.03328635476,8336.77876697887,8360.5302734375,138922800,0.0,0.0
8550.542325106535,8550.542325106535,8289.275754061613,8360.5302734375,118118400,0.0,0.0
8360.530357142858,8384.281863839286,8289.27583705357,8313.02734375,68323600,0.0,0.0
8265.524247602983,8384.28177989613,8265.524247602983,8360.5302734375,81856300,0.0,0.0
8336.7802734375,8360.531784188035,8241.774230435363,8336.7802734375,84458300,0.0,0.0
8289.27663477666,8408.0341796875,8241.773616812323,8408.0341796875,94794000,0.0,0.0
8408.033370535713,8431.784877232143,8289.27583705357,8313.02734375,42525500,0.0,0.0
8241.774050946302,8431.7861328125,8241.774050946302,8431.7861328125,96599500,0.0,0.0
8289.275754061613,8360.5302734375,8289.275754061613,8360.5302734375,89463000,0.0,0.0
8455.537197651836,8479.288706634004,8384.282670705332,8408.0341796875,59597900,0.0,0.0
8431.784877232143,8455.536383928571,8313.02734375,8313.02734375,49208200,0.0,0.0
8336.77876697887,8408.03328635476,8313.027260520243,8360.5302734375,59092900,0.0,0.0
8194.270062113917,8241.77307696675,8123.015539834666,8170.5185546875,143424800,0.0,0.0
8194.270334325753,8384.282400049247,8170.518826110315,8289.2763671875,72679800,0.0,0.0
8289.276195666607,8455.53674973442,8289.276195666607,8384.2822265625,83556900,0.0,0.0
8431.785416480121,8455.536924695558,8289.2763671875,8289.2763671875,35901000,0.0,0.0
8455.537109375,8503.0401268434,8408.034091906602,8455.537109375,84684200,0.0,0.0
8455.537643045775,8526.792173745598,8431.7861328125,8431.7861328125,84642100,0.0,0.0
8526.791460503473,8550.54296875,8503.039952256944,8550.54296875,53520800,0.0,0.0
8550.543501915043,8550.543501915043,8455.537463004875,8526.7919921875,75048300,0.0,0.0
8598.046431353878,8645.549450311635,8526.791902917244,8574.294921875,96209700,0.0,0.0
8526.7919921875,8621.798031097667,8479.288972732416,8526.7919921875,91562100,0.0,0.0
8431.784930485552,8930.566574260753,8408.033423639114,8835.560546875,644359600,0.0,0.0
8811.809559461806,8883.064084201389,8550.54296875,8550.54296875,155775400,0.0,0.0
8488.5478515625,8560.08055817679,8488.5478515625,8488.5478515625,130982100,35.0,0.0
8393.172364672364,8488.549323361824,8369.328125,8369.328125,114656300,0.0,0.0
8321.638669060698,8345.482905934798,8178.573247816102,8273.9501953125,180553800,0.0,0.0
8107.040033284024,8178.572739460059,8059.3515625,8059.3515625,229308700,0.0,0.0
7987.819343118107,8178.573237879136,7963.975106272978,8107.04052734375,172590100,0.0,0.0
8107.040047603862,8202.416989340378,8059.351576735605,8178.57275390625,90851300,0.0,0.0
8130.88525390625,8297.794921875,8083.19677734375,8297.794921875,102851800,0.0,0.0
8226.26220703125,8297.794921875,8154.7294921875,8297.794921875,104580200,0.0,0.0
8202.418455615942,8297.795414402173,8130.8857365262675,8226.2626953125,118164300,0.0,0.0
8178.573237879136,8202.417474724265,8107.04052734375,8107.04052734375,113255700,0.0,0.0
8035.507344090662,8250.10546307231,8011.663108648256,8202.4169921875,181516700,0.0,0.0
8250.10546875,8297.79393966763,8202.41699783237,8250.10546875,67482900,0.0,0.0
8154.72851847212,8250.105460208637,8154.72851847212,8178.57275390625,41243700,0.0,0.0
8202.4174846902,8297.7944321866,8178.573247816102,8273.9501953125,33617700,0.0,0.0
8250.105460208637,8273.949695642765,8178.57275390625,8178.57275390625,59591500,0.0,0.0
8130.884764188879,8178.573237879136,8107.04052734375,8107.04052734375,47393000,0.0,0.0
8107.040047603862,8226.261224774507,8107.040047603862,8178.57275390625,20495900,0.0,0.0
8202.4169921875,8250.10546307231,8178.572756745094,8202.4169921875,27193800,0.0,0.0
8250.10546875,8250.10546875,8154.7285269147405,8250.10546875,40420200,0.0,0.0
8130.884283037992,8202.416989340378,8107.040047603862,8178.57275390625,47020900,0.0,0.0
8178.57373046875,8250.1064453125,8154.7294921875,8154.7294921875,44681400,0.0,0.0
8178.57373046875,8202.41796875,8107.041015625,8154.7294921875,10653900,0.0,0.0
8154.7294921875,8202.41796875,8130.88525390625,8154.7294921875,27399100,0.0,0.0
8130.88475539156,8178.57322903022,7963.97509765625,7963.97509765625,90918800,0.0,0.0
7963.974597537879,7987.818832859849,7773.220714962122,7868.59765625,128838500,0.0,0.0
7725.532726609563,7940.1308579042725,7725.532726609563,7916.28662109375,69286600,0.0,0.0
7940.130385539941,8059.3515625,7940.130385539941,8059.3515625,86916900,0.0,0.0
8011.663059059633,8035.507294354454,7773.2207061114295,7797.06494140625,101759100,0.0,0.0
7677.844242788461,7773.221189903846,7630.155769230769,7749.376953125,96069100,0.0,0.0
7773.2207061114295,7892.441882585532,7749.37647081661,7797.06494140625,103804600,0.0,0.0
7773.221185340644,7797.065422105493,7654.000001516401,7677.84423828125,119748200,0.0,0.0
7677.844244272432,7820.90966497316,7677.844244272432,7773.22119140625,105710700,0.0,0.0
7797.064959001971,7987.81884179101,7773.220723653341,7940.13037109375,88695900,0.0,0.0
7820.909673851656,7940.1308579042725,7797.065437041133,7916.28662109375,96814600,0.0,0.0
7963.97460644238,7963.97460644238,7868.597665047861,7940.13037109375,66391800,0.0,0.0
7892.442384283227,7940.1308579042725,7868.598147472703,7916.28662109375,96859500,0.0,0.0
7916.286616641337,7963.975090235562,7844.75390625,7844.75390625,42474500,0.0,0.0
7916.286615139101,7916.286615139101,7820.90966796875,7820.90966796875,66124500,0.0,0.0
7844.753920653577,8083.1962890625,7844.753920653577,8083.1962890625,77582300,0.0,0.0
8297.794921875,8440.8603515625,8154.7294921875,8297.794921875,196804700,0.0,0.0
8321.63916015625,8369.32763671875,8178.57373046875,8297.794921875,68544300,0.0,0.0
8226.261710107854,8273.950183789639,8083.1962890625,8083.1962890625,200589000,0.0,0.0
8178.573237879136,8178.573237879136,8059.352053653493,8107.04052734375,77396200,0.0,0.0
8035.507327107988,8130.884268676035,8011.663091715976,8059.3515625,99109500,0.0,0.0
8154.7294921875,8297.794921875,8107.041015625,8297.794921875,71716700,0.0,0.0
8345.482908757163,8345.482908757163,8250.10596122851,8321.638671875,117757700,0.0,0.0
8369.32763671875,8440.8603515625,8345.4833984375,8440.8603515625,116014700,0.0,0.0
8417.015625,8440.859861898016,8393.171388101982,8417.015625,54495500,0.0,0.0
8417.01514494821,8488.5478515625,8393.170909410113,8488.5478515625,72381700,0.0,0.0
8464.704098796034,8488.548335694051,8297.794440509915,8417.015625,62060900,0.0,0.0
8464.7041015625,8488.54833846831,8369.32715393926,8464.7041015625,63775000,0.0,0.0
8440.859385911313,8536.236328125,8417.01515035789,8536.236328125,81678200,0.0,0.0
8464.7041015625,8488.54833846831,8345.48291703345,8464.7041015625,38037000,0.0,0.0
8417.01611328125,8440.8603515625,8297.794921875,8297.794921875,66040400,0.0,0.0
8369.327145639327,8440.859856285817,8321.638671875,8321.638671875,43588900,0.0,0.0
8321.638186383929,8417.015128348214,8297.793950892858,8345.482421875,40077000,0.0,0.0
8369.32763671875,8393.171875,8297.794921875,8297.794921875,25390500,0.0,0.0
8297.7944321866,8345.482905934798,8226.2617215643,8273.9501953125,38671900,0.0,0.0
8226.261724346346,8345.482908757163,8226.261724346346,8321.638671875,53412300,0.0,0.0
8369.327142808897,8440.859853431195,8273.9501953125,8273.9501953125,44123400,0.0,0.0
8273.951166310542,8369.328125,8250.106926638176,8369.328125,59983900,0.0,0.0
8369.326657366071,8369.326657366071,8273.949715401786,8345.482421875,106349400,0.0,0.0
8321.638169399528,8345.482404841932,8202.4169921875,8202.4169921875,67034700,0.0,0.0
8202.418455615942,8297.795414402173,8202.418455615942,8226.2626953125,56672000,0.0,0.0
8250.105946948746,8273.950183789639,8083.1962890625,8083.1962890625,95376900,0.0,0.0
8154.7289951869425,8154.7289951869425,8011.66357421875,8011.66357421875,92652000,0.0,0.0
7963.975102002968,8083.196286164689,7963.975102002968,8035.5078125,106115600,0.0,0.0
8011.6631058673465,8178.57275390625,8011.6631058673465,8178.57275390625,79350900,0.0,0.0
8250.105460208637,8250.105460208637,8154.72851847212,8178.57275390625,54201400,0.0,0.0
8107.040033284024,8154.728504068047,8059.3515625,8059.3515625,59580100,0.0,0.0
8059.3525390625,8226.26220703125,8059.3525390625,8154.7294921875,82077700,0.0,0.0
8035.507312488269,8083.19578318553,7940.13037109375,7940.13037109375,90495300,0.0,0.0
8059.3515478369,8083.19578318553,7940.13037109375,7940.13037109375,86747400,0.0,0.0
7916.28662109375,7963.975094714796,7868.598147472703,7916.28662109375,105894000,0.0,0.0
7987.81884765625,8059.351553754664,7940.130376923974,7987.81884765625,198558600,0.0,0.0
8011.66357421875,8083.196284702846,7987.819337390718,8011.66357421875,37277900,0.0,0.0
8011.663579963236,8107.04052734375,7987.819343118107,8107.04052734375,91617400,0.0,0.0
8297.794440509915,8417.015625,8226.261729815864,8417.015625,145603600,0.0,0.0
8417.01611328125,8417.01611328125,8297.794921875,8297.794921875,110692800,0.0,0.0
8393.171379682997,8393.171379682997,8273.9501953125,8273.9501953125,98296600,0.0,0.0
8439.33134876598,8560.935546875,8390.689669522371,8560.935546875,101068200,170.0,0.0
8658.21935862252,8658.21935862252,8560.935995042493,8585.2568359375,118912100,0.0,0.0
8585.25646484375,8609.5773046875,8487.97310546875,8512.2939453125,97146900,0.0,0.0
8585.256386496803,8585.256386496803,8512.293867631392,8560.935546875,60288900,0.0,0.0
8585.255934495193,8585.255934495193,8415.01006610577,8536.6142578125,60975800,0.0,0.0
8536.615315522027,8560.93615687679,8487.9736328125,8487.9736328125,36922100,0.0,0.0
8463.652265625,8536.61478515625,8463.652265625,8512.2939453125,45489400,0.0,0.0
8487.973028009588,8560.935546875,8463.652188387785,8560.935546875,32996000,0.0,0.0
8585.2568359375,8585.2568359375,8512.294313252478,8585.2568359375,44554300,0.0,0.0
8658.21875,8658.21875,8585.25623244382,8658.21875,91903600,0.0,0.0
8706.860879508053,8706.860879508053,8633.898358171393,8682.5400390625,51726500,0.0,0.0
8755.5029296875,8755.5029296875,8706.861246744791,8755.5029296875,110354200,0.0,0.0
8779.8232421875,8804.14408219356,8658.219042157203,8779.8232421875,83946900,0.0,0.0
8804.144895119864,8925.749106378425,8779.82405286815,8877.107421875,91178700,0.0,0.0
8877.10681417714,8950.0693359375,8755.502611243206,8950.0693359375,186928200,0.0,0.0
8852.786052766394,8925.748575179303,8828.46521196209,8901.427734375,54842400,0.0,0.0
8852.785231785221,8877.10607033408,8804.1435546875,8804.1435546875,145775300,0.0,0.0
8852.785231785221,8852.785231785221,8658.218523394336,8804.1435546875,83645900,0.0,0.0
8804.144241290265,8804.144241290265,8633.898358171393,8682.5400390625,83728800,0.0,0.0
8682.540405273438,8779.823771158854,8633.898722330729,8755.5029296875,67565000,0.0,0.0
8755.5029296875,8804.144612630207,8706.861246744791,8755.5029296875,64815100,0.0,0.0
8755.5029296875,8828.465454101562,8706.861246744791,8755.5029296875,84754500,0.0,0.0
8706.860879508053,8731.181719953607,8658.219198616947,8682.5400390625,40929600,0.0,0.0
8682.5400390625,8706.860879508053,8658.219198616947,8682.5400390625,45322600,0.0,0.0
8658.21935862252,8658.21935862252,8560.935995042493,8585.2568359375,81993900,0.0,0.0
8512.293867631392,8633.898065740412,8487.973028009588,8560.935546875,96525600,0.0,0.0
8633.897611177885,8633.897611177885,8487.972581129809,8536.6142578125,64830300,0.0,0.0
8560.935704022988,8585.256544091235,8463.65234375,8463.65234375,49497000,0.0,0.0
8536.6142578125,8609.576772836539,8512.293419471154,8536.6142578125,69996100,0.0,0.0
8658.219563802082,8755.5029296875,8585.25703938802,8755.5029296875,123592500,0.0,0.0
8755.5029296875,8828.465454101562,8682.540405273438,8755.5029296875,91000000,0.0,0.0
8804.144895119864,8901.428264126713,8779.82405286815,8877.107421875,102980500,0.0,0.0
8950.069122229917,8950.069122229917,8779.8232421875,8779.8232421875,77392900,0.0,0.0
8852.785231785221,8901.426908882942,8804.1435546875,8804.1435546875,76325700,0.0,0.0
8925.748575179303,8950.069415983606,8852.786052766394,8901.427734375,55675900,0.0,0.0
8998.711097592213,8998.711097592213,8828.46521196209,8901.427734375,79148200,0.0,0.0
8950.069256756757,9071.673458614865,8901.427576013513,8998.7109375,97189500,0.0,0.0
9047.351940176104,9071.672778724966,8804.1435546875,8804.1435546875,722827900,0.0,0.0
8901.427654763927,9071.673538871433,8852.785973590353,8950.0693359375,163535600,0.0,0.0
8804.144371157787,8950.069415983606,8804.144371157787,8901.427734375,74872200,0.0,0.0
8877.106973836711,8925.74865588513,8828.46529178829,8852.7861328125,87492200,0.0,0.0
8828.465737371576,8877.107421875,8828.465737371576,8877.107421875,53188400,0.0,0.0
8925.74865588513,8925.74865588513,8852.7861328125,8852.7861328125,44632400,0.0,0.0
8901.427734375,8901.427734375,8852.786052766394,8901.427734375,38082300,0.0,0.0
8925.748575179303,8925.748575179303,8852.786052766394,8901.427734375,45552600,0.0,0.0
8852.785683539945,8877.10652332989,8804.144003960055,8828.46484375,72223700,0.0,0.0
8852.785231785221,8852.785231785221,8804.1435546875,8804.1435546875,59073000,0.0,0.0
8852.785231785221,8852.785231785221,8731.181039040917,8804.1435546875,112769400,0.0,0.0
8755.5029296875,8804.144612630207,8755.5029296875,8755.5029296875,32330600,0.0,0.0
8779.822716138638,8804.1435546875,8706.860200492058,8804.1435546875,54990100,0.0,0.0
8804.144895119864,8877.107421875,8755.503210616438,8877.107421875,42676300,0.0,0.0
8877.10607033408,8901.426908882942,8804.1435546875,8804.1435546875,48291100,0.0,0.0
8779.822716138638,8901.426908882942,8779.822716138638,8804.1435546875,47813500,0.0,0.0
8779.82316417011,8877.10652332989,8779.82316417011,8828.46484375,36389900,0.0,0.0
8804.144371157787,8901.427734375,8804.144371157787,8901.427734375,36225100,0.0,0.0
8779.82316417011,8828.46484375,8779.82316417011,8828.46484375,108855900,0.0,0.0
8901.426908882942,8901.426908882942,8804.1435546875,8804.1435546875,35049300,0.0,0.0
8804.1435546875,8828.46439323636,8779.822716138638,8804.1435546875,44609200,0.0,0.0
8804.144003960055,8852.785683539945,8779.82316417011,8828.46484375,52532400,0.0,0.0
8779.8232421875,8852.785762205678,8779.8232421875,8779.8232421875,37641300,0.0,0.0
8852.785231785221,8852.785231785221,8804.1435546875,8804.1435546875,28981500,0.0,0.0
8852.785762205678,8852.785762205678,8779.8232421875,8779.8232421875,43703500,0.0,0.0
8828.464689415872,8925.748046875,8804.14385005109,8925.748046875,61566500,0.0,0.0
8950.069948630136,8974.39079088185,8877.107421875,8877.107421875,65230900,0.0,0.0
8925.748495350714,8950.0693359375,8877.10681417714,8950.0693359375,55554500,0.0,0.0
8950.068886239782,8998.710564969346,8925.748046875,8925.748046875,62550100,0.0,0.0
8950.069415983606,8998.711097592213,8852.786052766394,8901.427734375,52924600,0.0,0.0
8950.069415983606,8974.39025678791,8877.106893570697,8901.427734375,83476600,0.0,0.0
8901.427734375,8925.748575179303,8877.106893570697,8901.427734375,42667800,0.0,0.0
8950.06949690934,8950.06949690934,8852.7861328125,8852.7861328125,62061200,0.0,0.0
8925.748575179303,9047.352779200819,8901.427734375,8901.427734375,122802700,0.0,0.0
8925.748260987633,9095.994140625,8877.106581091242,9095.994140625,113868700,0.0,0.0
9144.6355225271,9144.6355225271,8974.3896484375,8974.3896484375,77848400,0.0,0.0
8950.069948630136,8974.39079088185,8877.107421875,8877.107421875,74510200,0.0,0.0
8925.749106378425,8950.069948630136,8852.786579623287,8877.107421875,80868000,0.0,0.0
8925.749106378425,8925.749106378425,8852.786579623287,8877.107421875,49756400,0.0,0.0
8877.10681417714,8950.0693359375,8877.10681417714,8950.0693359375,60629900,0.0,0.0
8901.427576013513,9047.352618243243,8901.427576013513,8998.7109375,64596100,0.0,0.0
8998.711097592213,9023.031938396516,8877.106893570697,8901.427734375,52675900,0.0,0.0
8901.428018657345,9023.0322265625,8901.428018657345,9023.0322265625,55589300,0.0,0.0
9023.03185769786,9047.352698284647,8950.0693359375,8950.0693359375,43373400,0.0,0.0
9023.032507064496,9144.63671875,8998.711664727394,9144.63671875,77056800,0.0,0.0
9144.63671875,9168.957561087102,9095.995034075799,9144.63671875,76738100,0.0,0.0
9168.957561087102,9193.278403424203,9120.315876412898,9144.63671875,68898600,0.0,0.0
9071.673300676805,9095.994140625,8974.389940884024,9095.994140625,75495400,0.0,0.0
9071.673379221269,9120.31505953881,9047.3525390625,9047.3525390625,59303700,0.0,0.0
9023.03169890373,9071.673379221269,8998.710858744958,9047.3525390625,53440000,0.0,0.0
8998.7109375,9095.994298986487,8998.7109375,8998.7109375,79328900,0.0,0.0
8974.389725604564,8998.710564969346,8925.748046875,8925.748046875,73573000,0.0,0.0
8901.427498109879,9071.673379221269,8901.427498109879,9047.3525390625,65664600,0.0,0.0
9047.3525390625,9071.673379221269,9023.03169890373,9047.3525390625,63749800,0.0,0.0
8998.711017111073,9071.673538871433,8950.0693359375,8950.0693359375,53725900,0.0,0.0
8950.069701819406,9023.0322265625,8925.748860238376,9023.0322265625,50379000,0.0,0.0
8998.711017111073,8998.711017111073,8950.0693359375,8950.0693359375,44423100,0.0,0.0
9023.031777871622,9047.352618243243,8950.069256756757,8998.7109375,45428500,0.0,0.0
9047.352698284647,9047.352698284647,8950.0693359375,8950.0693359375,56227000,0.0,0.0
8950.068886239782,8974.389725604564,8852.785528780654,8925.748046875,136107200,0.0,0.0
8950.068809281842,9023.031326748815,8925.747970126185,8974.3896484375,42152700,0.0,0.0
8974.3896484375,9023.031326748815,8925.747970126185,8974.3896484375,40610600,0.0,0.0
8998.710487593156,8998.710487593156,8950.068809281842,8974.3896484375,42007200,0.0,0.0
8950.069415983606,8998.711097592213,8901.427734375,8901.427734375,49318400,0.0,0.0
8877.106368145436,8925.748046875,8852.785528780654,8925.748046875,61405200,0.0,0.0
8852.786579623287,8901.428264126713,8804.144895119864,8877.107421875,80732300,0.0,0.0
8828.465737371576,8877.107421875,8828.465737371576,8877.107421875,53155900,0.0,0.0
8852.7861328125,8877.106973836711,8828.46529178829,8852.7861328125,66479000,0.0,0.0
8804.144003960055,8828.46484375,8755.502324380166,8828.46484375,69490200,0.0,0.0
8755.50276871566,8877.106973836711,8755.50276871566,8852.7861328125,112757900,0.0,0.0
8804.144612630207,8852.786295572916,8755.5029296875,8755.5029296875,121005300,0.0,0.0
8804.144612630207,8828.465454101562,8755.5029296875,8755.5029296875,34272200,0.0,0.0
8755.502324380166,8828.46484375,8731.18148459022,8828.46484375,33325800,0.0,0.0
8877.106893570697,8925.748575179303,8828.46521196209,8901.427734375,54305500,0.0,0.0
8877.107421875,8901.428264126713,8828.465737371576,8877.107421875,40607000,0.0,0.0
8877.10652332989,8901.427363119834,8828.46484375,8828.46484375,42445300,0.0,0.0
8828.465454101562,8828.465454101562,8755.5029296875,8755.5029296875,56132200,0.0,0.0
8755.50202950419,8779.822868475034,8706.8603515625,8706.8603515625,73544700,0.0,0.0
8658.219278169014,8755.50264084507,8633.8984375,8633.8984375,84345000,0.0,0.0
8585.2568359375,8658.21935862252,8585.2568359375,8585.2568359375,118960000,0.0,0.0
8658.218965220385,8852.785683539945,8633.89812543044,8828.46484375,93663000,0.0,0.0
8828.465133003567,8950.0693359375,8779.823451829994,8950.0693359375,98380200,0.0,0.0
8950.0693359375,8998.711017111073,8877.10681417714,8950.0693359375,112582800,0.0,0.0
8950.069042699724,8950.069042699724,8828.46484375,8828.46484375,72855700,0.0,0.0
8852.785762205678,8852.785762205678,8779.8232421875,8779.8232421875,53344400,0.0,0.0
8779.822716138638,8877.10607033408,8779.822716138638,8804.1435546875,43774500,0.0,0.0
8755.50256039916,8755.50256039916,8682.5400390625,8682.5400390625,71966100,0.0,0.0
8682.5400390625,8779.823400844713,8682.5400390625,8682.5400390625,84305800,0.0,0.0
8755.501877589779,8852.785231785221,8755.501877589779,8804.1435546875,71064500,0.0,0.0
8852.785683539945,8877.10652332989,8779.82316417011,8828.46484375,62941800,0.0,0.0
8877.106973836711,8877.106973836711,8804.14445076408,8852.7861328125,29429200,0.0,0.0
8804.143707445879,8828.464546416724,8706.8603515625,8706.8603515625,59606000,0.0,0.0
8682.539666644598,8706.860506046964,8609.5771484375,8609.5771484375,50919200,0.0,0.0
8585.25646484375,8609.5773046875,8512.2939453125,8512.2939453125,89509700,0.0,0.0
8487.973238379178,8779.823321074164,8487.973238379178,8731.181640625,64554500,0.0,0.0
8633.897987839866,8682.539666644598,8609.5771484375,8609.5771484375,50633500,0.0,0.0
8536.6142578125,8633.897611177885,8536.6142578125,8536.6142578125,76963200,0.0,0.0
8585.256756161973,8682.540118838027,8585.256756161973,8633.8984375,54748400,0.0,0.0
8682.540363650609,8706.861205005373,8487.9736328125,8487.9736328125,63199400,0.0,0.0
8487.973183818247,8560.935704022988,8463.65234375,8463.65234375,52450700,0.0,0.0
8463.652112023305,8609.5771484375,8463.652112023305,8609.5771484375,51958200,0.0,0.0
8560.935625,8585.25646484375,8487.97310546875,8512.2939453125,64907600,0.0,0.0
8512.294183775435,8536.615024300509,8366.369140625,8366.369140625,67027600,0.0,0.0
8487.97295142567,8658.218827242232,8487.97295142567,8609.5771484375,56050900,0.0,0.0
8682.539589185393,8706.860428370786,8609.577071629214,8658.21875,60414100,0.0,0.0
8731.181039040917,8804.1435546875,8706.860200492058,8804.1435546875,84994200,0.0,0.0
8755.502480849582,8779.823321074164,8658.219119951253,8731.181640625,60648200,0.0,0.0
8706.861246744791,8755.5029296875,8658.219563802082,8755.5029296875,31829300,0.0,0.0
8658.219563802082,8804.144612630207,8658.219563802082,8755.5029296875,46076800,0.0,0.0
8706.861040412536,8755.50272220255,8585.2568359375,8585.2568359375,50754600,0.0,0.0
8633.8984375,8682.540118838027,8609.577596830986,8633.8984375,20827700,0.0,0.0
8658.219198616947,8706.860879508053,8633.898358171393,8682.5400390625,37195700,0.0,0.0
8731.181039040917,8804.1435546875,8706.860200492058,8804.1435546875,84977900,0.0,0.0
8804.144003960055,8828.46484375,8706.860644800276,8828.46484375,48714300,0.0,0.0
8779.82316417011,8828.46484375,8731.18148459022,8828.46484375,57050500,0.0,0.0
8731.181800176057,8779.823481514084,8633.8984375,8633.8984375,49216000,0.0,0.0
8585.255934495193,8658.21844951923,8536.6142578125,8536.6142578125,107614800,0.0,0.0
8536.615074823943,8633.8984375,8536.615074823943,8633.8984375,40364800,0.0,0.0
8609.57751772584,8731.181719953607,8609.57751772584,8682.5400390625,55542100,0.0,0.0
8682.5400390625,8731.181719953607,8658.219198616947,8682.5400390625,43631900,0.0,0.0
8658.219278169014,8706.860959507043,8633.8984375,8633.8984375,35679000,0.0,0.0
8633.8984375,8706.860959507043,8609.577596830986,8633.8984375,69070600,0.0,0.0
8658.21875,8706.860428370786,8658.21875,8658.21875,54715600,0.0,0.0
8682.539960175834,8731.181640625,8658.219119951253,8731.181640625,205312100,0.0,0.0
8682.539512591655,8731.181190533345,8658.21867362081,8706.8603515625,80566400,0.0,0.0
8748.403678658964,8821.714324010854,8723.966796875,8723.966796875,54747400,42.5,0.0
8748.403056969802,8748.403056969802,8626.218656732795,8699.529296875,94363900,0.0,0.0
8650.655989213423,8748.40351451527,8601.7822265625,8601.7822265625,81852800,0.0,0.0
8552.908109065156,8626.21875,8528.47122875354,8626.21875,91322500,0.0,0.0
8601.781964285714,8650.655725446428,8552.908203125,8552.908203125,43891600,0.0,0.0
8479.59756138393,8577.345083705357,8479.59756138393,8552.908203125,78642800,0.0,0.0
8504.0341796875,8552.907939340876,8504.0341796875,8504.0341796875,87589300,0.0,0.0
8504.034537103747,8552.908298811239,8479.59765625,8479.59765625,51560500,0.0,0.0
8577.344715771755,8846.150390625,8552.907836239641,8846.150390625,115332800,0.0,0.0
8919.461461509145,9017.208984375,8870.58770007622,9017.208984375,275013500,0.0,0.0
8992.7724609375,9017.20934262483,8943.89869756284,8992.7724609375,111712200,0.0,0.0
8919.461109058277,9041.6455078125,8919.461109058277,9041.6455078125,65174500,0.0,0.0
9041.6457703293,9090.51953125,9017.20888986895,9090.51953125,72938100,0.0,0.0
9090.519175184316,9114.9560546875,9041.64541617795,9114.9560546875,88116700,0.0,0.0
9066.082295681132,9139.392934190682,9066.082295681132,9114.9560546875,64449600,0.0,0.0
9163.830078125,9188.266958333334,9114.956317708333,9163.830078125,64464700,0.0,0.0
9114.956932554855,9212.704459981715,9114.956932554855,9188.267578125,70184600,0.0,0.0
9212.704459981715,9237.14134183843,9139.39381441157,9188.267578125,79903400,0.0,0.0
9188.267220656498,9212.7041015625,9139.393458844495,9212.7041015625,30545200,0.0,0.0
9212.704198174297,9212.704198174297,9114.956673525234,9139.3935546875,34603300,0.0,0.0
9188.267480211081,9261.578125,9163.830598614775,9261.578125,56501800,0.0,0.0
9286.014554095953,9383.762075718016,9261.577673690437,9359.3251953125,85290100,0.0,0.0
9383.762075718016,9408.198956123531,9261.577673690437,9359.3251953125,50896000,0.0,0.0
9383.762337662338,9408.19921875,9359.325456574676,9408.19921875,59848600,0.0,0.0
9432.636197234948,9432.636197234948,9334.888671875,9334.888671875,52774900,0.0,0.0
9408.198956123531,9432.635836529047,9359.3251953125,9359.3251953125,39381500,0.0,0.0
9432.636003946522,9481.509765625,9383.762242268042,9481.509765625,68253400,0.0,0.0
9530.38316898297,9530.38316898297,9432.635649301092,9505.9462890625,88399500,0.0,0.0
9481.509765625,9530.38352730348,9457.07288478576,9481.509765625,44869200,0.0,0.0
9530.3837890625,9530.3837890625,9432.636263020833,9530.3837890625,107706100,0.0,0.0
9457.0732421875,9530.383887475775,9408.199478661983,9457.0732421875,71048900,0.0,0.0
9554.820505275975,9554.820505275975,9383.762337662338,9408.19921875,63176500,0.0,0.0
9383.762337662338,9432.636099837662,9310.451694399351,9408.19921875,52868300,0.0,0.0
9237.140441894531,9383.76171875,9237.140441894531,9383.76171875,92348600,0.0,0.0
9383.761811023622,9383.761811023622,9261.577412442586,9310.451171875,84906000,0.0,0.0
9237.140887129934,9359.325290398849,9237.140887129934,9286.0146484375,63212700,0.0,0.0
9188.267317012032,9237.141079336563,9090.519792362968,9139.3935546875,78977300,0.0,0.0
9188.267383835078,9334.888671875,9163.830502495091,9334.888671875,73452800,0.0,0.0
9286.014461220855,9432.6357421875,9261.577581059748,9432.6357421875,73136400,0.0,0.0
9481.509959914922,9481.509959914922,9334.888671875,9334.888671875,102581200,0.0,0.0
9432.636003946522,9505.94664646424,9359.325361428802,9481.509765625,104208700,0.0,0.0
9554.82040814272,9579.257288981958,9408.19912310728,9481.509765625,99324000,0.0,0.0
9457.072716934563,9457.072716934563,9310.451434501469,9359.3251953125,57983300,0.0,0.0
9530.383624188311,9530.383624188311,9408.19921875,9408.19921875,87651000,0.0,0.0
9481.509765625,9505.94664646424,9432.636003946522,9481.509765625,92953500,0.0,0.0
9530.383076570472,9579.2568359375,9481.509317203445,9579.2568359375,87949400,0.0,0.0
9530.38316898297,9579.256928823906,9481.50940914203,9505.9462890625,66072400,0.0,0.0
9725.878380789974,9750.315261143718,9628.130859375,9628.130859375,164748900,0.0,0.0
9750.315787923995,9774.75266959799,9652.568261228016,9725.87890625,142277200,0.0,0.0
9677.004262262659,9750.314900613133,9603.693623912184,9652.5673828125,53341300,0.0,0.0
9628.131283120325,9799.189453125,9628.131283120325,9799.189453125,63997700,0.0,0.0
9725.878548911342,9774.752310463658,9628.131025806704,9750.3154296875,75371600,0.0,0.0
9750.314900613133,9750.314900613133,9652.5673828125,9652.5673828125,66913000,0.0,0.0
9677.004979723282,9701.441860985211,9579.257454675573,9603.6943359375,55192300,0.0,0.0
9530.383076570472,9652.567474988042,9505.946196886958,9579.2568359375,41356000,0.0,0.0
9530.38298556171,9677.004262262659,9530.38298556171,9652.5673828125,43735800,0.0,0.0
9750.315073242187,9774.751953125,9677.004433593751,9774.751953125,54043100,0.0,0.0
9774.75178006329,9774.75178006329,9628.130503362341,9652.5673828125,126671200,0.0,0.0
9677.004979723282,9701.441860985211,9579.257454675573,9603.6943359375,51520600,0.0,0.0
9579.257552083332,9603.69443359375,9530.3837890625,9530.3837890625,43822900,0.0,0.0
9677.004354671557,9677.004354671557,9554.819956253987,9579.2568359375,61952900,0.0,0.0
9677.00514290201,9774.75266959799,9554.820734532035,9725.87890625,70242200,0.0,0.0
9823.625882523149,9945.810284047067,9774.75212191358,9896.9365234375,118369300,0.0,0.0
10019.121550762007,10067.99531442426,9896.937141606373,9921.3740234375,100947200,0.0,0.0
10165.74203125,10165.74203125,9774.751953125,9774.751953125,141622600,0.0,0.0
9823.625955281477,10092.431640625,9799.189074795702,10092.431640625,110681100,0.0,0.0
9970.247787099754,10067.99531442426,9823.626496112993,9921.3740234375,154176800,0.0,0.0
9945.810905268627,10043.558432593134,9921.3740234375,9921.3740234375,62444100,0.0,0.0
9921.373665924448,10019.121189726658,9921.373665924448,9945.810546875,55004800,0.0,0.0
9872.499643132716,9921.373403742284,9848.062762827933,9896.9365234375,66269700,0.0,0.0
9945.810284047067,9994.684044656637,9823.625882523149,9896.9365234375,90279400,0.0,0.0
9774.752475247524,9896.93688118812,9725.878712871287,9872.5,91968200,0.0,0.0
10075.0,10075.0,9925.0,10075.0,66971000,227.5,0.0
10050.0,10050.0,9950.0,10050.0,65742700,0.0,0.0
10025.0,10075.0,10000.0,10075.0,39514100,0.0,0.0
10025.0,10100.0,9975.0,10075.0,79229700,0.0,0.0
10075.0,10100.0,9825.0,9850.0,79248700,0.0,0.0
9925.0,9950.0,9800.0,9900.0,76763100,0.0,0.0
9750.0,9800.0,9525.0,9525.0,177418400,0.0,0.0
9575.0,9850.0,9575.0,9850.0,75993500,0.0,0.0
9950.0,9950.0,9825.0,9825.0,70428600,0.0,0.0
9350.0,9575.0,9250.0,9475.0,283265900,0.0,0.0
9550.0,9675.0,9525.0,9525.0,95620700,0.0,0.0
9525.0,9575.0,9450.0,9475.0,127134000,0.0,0.0
9350.0,9500.0,9300.0,9475.0,147784300,0.0,0.0
9400.0,9425.0,9350.0,9350.0,128908000,0.0,0.0
9400.0,9775.0,9400.0,9725.0,178833000,0.0,0.0
9825.0,9950.0,9750.0,9950.0,132832700,0.0,0.0
10000.0,10000.0,9700.0,9775.0,104874100,0.0,0.0
9700.0,9825.0,9625.0,9625.0,100932900,0.0,0.0
9525.0,9850.0,9525.0,9800.0,90063500,0.0,0.0
10050.0,10050.0,9800.0,9800.0,109623000,0.0,0.0
9900.0,9900.0,9500.0,9550.0,97079400,0.0,0.0
9750.0,9850.0,9675.0,9850.0,81200400,0.0,0.0
9850.0,9875.0,9775.0,9800.0,53076200,0.0,0.0
9700.0,9750.0,9625.0,9700.0,66746800,0.0,0.0
9600.0,9700.0,9375.0,9375.0,112808900,0.0,0.0
9200.0,9525.0,9200.0,9525.0,145469900,0.0,0.0
9625.0,9675.0,9525.0,9550.0,95363500,0.0,0.0
9500.0,9600.0,9425.0,9500.0,54741900,0.0,0.0
9575.0,9675.0,9525.0,9600.0,61126000,0.0,0.0
9600.0,9850.0,9575.0,9750.0,99848500,0.0,0.0
9700.0,9800.0,9475.0,9475.0,87890100,0.0,0.0
9450.0,9575.0,9375.0,9375.0,75311400,0.0,0.0
9475.0,9575.0,9325.0,9425.0,121712700,0.0,0.0
9300.0,9375.0,9275.0,9300.0,128578500,0.0,0.0
9300.0,9400.0,9300.0,9300.0,73945700,0.0,0.0
9275.0,9325.0,9150.0,9150.0,117351600,0.0,0.0
9000.0,9250.0,8775.0,9000.0,207115100,0.0,0.0
9100.0,9250.0,9025.0,9250.0,756431600,0.0,0.0
9350.0,9350.0,9225.0,9275.0,72197700,0.0,0.0
9525.0,9525.0,9350.0,9350.0,75353100,0.0,0.0
9500.0,9500.0,9300.0,9450.0,82087300,0.0,0.0
9525.0,9525.0,9450.0,9475.0,44991300,0.0,0.0
9500.0,9500.0,9325.0,9325.0,51599800,0.0,0.0
9500.0,9525.0,9450.0,9525.0,45584700,0.0,0.0
9550.0,9550.0,9300.0,9300.0,68690900,0.0,0.0
9300.0,9325.0,9250.0,9250.0,49785700,0.0,0.0
9475.0,9475.0,9200.0,9200.0,84652200,0.0,0.0
9200.0,9250.0,9100.0,9200.0,52986300,0.0,0.0
9250.0,9250.0,9050.0,9050.0,100051000,0.0,0.0
9150.0,9425.0,9100.0,9425.0,81474800,0.0,0.0
9475.0,9675.0,9400.0,9600.0,166841200,0.0,0.0
9600.0,9750.0,9575.0,9600.0,79592300,0.0,0.0
9600.0,9600.0,9450.0,9600.0,80029000,0.0,0.0
9525.0,9650.0,9450.0,9500.0,77913200,0.0,0.0
9575.0,9750.0,9550.0,9750.0,89150700,0.0,0.0
9800.0,9975.0,9775.0,9925.0,166172300,0.0,0.0
9850.0,9900.0,9825.0,9875.0,68634600,0.0,0.0
10000.0,10000.0,9850.0,9900.0,78848500,0.0,0.0
9975.0,10000.0,9925.0,10000.0,55860200,0.0,0.0
9975.0,10000.0,9825.0,9825.0,67054000,0.0,0.0
9925.0,9975.0,9875.0,9950.0,36946900,0.0,0.0
10000.0,10050.0,9950.0,10050.0,72903600,0.0,0.0
10100.0,10150.0,10075.0,10075.0,61853200,0.0,0.0
10175.0,10225.0,10050.0,10100.0,62325900,0.0,0.0
10000.0,10125.0,10000.0,10075.0,55908400,0.0,0.0
10050.0,10100.0,10025.0,10075.0,62646500,0.0,0.0
10050.0,10075.0,9950.0,10050.0,36682600,0.0,0.0
9975.0,10025.0,9950.0,9950.0,37192700,0.0,0.0
9900.0,9950.0,9800.0,9800.0,90666000,0.0,0.0
9800.0,10100.0,9800.0,10100.0,65383200,0.0,0.0
10050.0,10125.0,9975.0,10125.0,53880300,0.0,0.0
10125.0,10150.0,10100.0,10100.0,31285300,0.0,0.0
10200.0,10200.0,10125.0,10175.0,39321100,0.0,0.0
10125.0,10175.0,10075.0,10075.0,24658000,0.0,0.0
10225.0,10300.0,10200.0,10300.0,98088100,0.0,0.0
10375.0,10400.0,10300.0,10325.0,75565800,0.0,0.0
10400.0,10425.0,10175.0,10250.0,69092500,0.0,0.0
10300.0,10300.0,10175.0,10175.0,32122900,0.0,0.0
10350.0,10350.0,10225.0,10275.0,82519900,0.0,0.0
10200.0,10375.0,10200.0,10375.0,61176200,0.0,0.0
10275.0,10350.0,10200.0,10200.0,55699900,0.0,0.0
10000.0,10150.0,9875.0,9875.0,126328300,0.0,0.0
10075.0,10075.0,9950.0,10000.0,78473900,0.0,0.0
10000.0,10100.0,10000.0,10100.0,52327400,0.0,0.0
10150.0,10225.0,10075.0,10225.0,54162100,0.0,0.0
10225.0,10250.0,10100.0,10150.0,47062400,0.0,0.0
10100.0,10200.0,10075.0,10200.0,40364100,0.0,0.0
10250.0,10300.0,10175.0,10300.0,55207100,0.0,0.0
10300.0,10300.0,10200.0,10200.0,47999100,0.0,0.0
10200.0,10300.0,10175.0,10225.0,33396600,0.0,0.0
10300.0,10325.0,10250.0,10325.0,40731400,0.0,0.0
10325.0,10425.0,10275.0,10375.0,51054400,0.0,0.0
10325.0,10450.0,10300.0,10425.0,60304400,0.0,0.0
10500.0,10500.0,10425.0,10425.0,84848800,0.0,0.0
10350.0,10400.0,10225.0,10325.0,56611600,0.0,0.0
10325.0,10375.0,10300.0,10325.0,46651600,0.0,0.0
10275.0,10375.0,10250.0,10325.0,35145600,0.0,0.0
10275.0,10300.0,10175.0,10200.0,60448400,0.0,0.0
10300.0,10350.0,10250.0,10350.0,38489900,0.0,0.0
10500.0,10500.0,10225.0,10225.0,53004700,0.0,0.0
10325.0,10325.0,10200.0,10325.0,158403700,0.0,0.0
10375.0,10375.0,10200.0,10275.0,72008600,0.0,0.0
10325.0,10325.0,10150.0,10175.0,50950200,0.0,0.0
10150.0,10300.0,10125.0,10300.0,44817000,0.0,0.0
10350.0,10350.0,10250.0,10250.0,39332900,0.0,0.0
10225.0,10300.0,10225.0,10300.0,31541800,0.0,0.0
10300.0,10350.0,10200.0,10275.0,36185100,0.0,0.0
10350.0,10350.0,10275.0,10350.0,55093100,0.0,0.0
10425.0,10425.0,10350.0,10425.0,64621300,0.0,0.0
10450.0,10500.0,10375.0,10475.0,70759100,0.0,0.0
10400.0,10425.0,10325.0,10425.0,70057100,0.0,0.0
10450.0,10500.0,10350.0,10500.0,89745000,0.0,0.0
10500.0,10625.0,10450.0,10625.0,65420200,0.0,0.0
10700.0,10900.0,10650.0,10900.0,140886600,0.0,0.0
10900.0,10900.0,10775.0,10775.0,142194600,0.0,0.0
10725.0,10950.0,10725.0,10950.0,72553800,0.0,0.0
10775.0,10950.0,10775.0,10800.0,105191100,0.0,0.0
10675.0,10850.0,10525.0,10850.0,158369100,0.0,0.0
10875.0,10875.0,10675.0,10700.0,84960100,0.0,0.0
10500.0,10750.0,10400.0,10650.0,93027400,0.0,0.0
10475.0,10550.0,10325.0,10325.0,144692100,0.0,0.0
10400.0,10550.0,10375.0,10550.0,59797700,0.0,0.0
10325.0,10550.0,10325.0,10500.0,86746200,0.0,0.0
10450.0,10525.0,10400.0,10450.0,60887000,0.0,0.0
10400.0,10475.0,10350.0,10475.0,58500400,0.0,0.0
10350.0,10375.0,10250.0,10300.0,91867900,0.0,0.0
10200.0,10500.0,10150.0,10400.0,99622900,0.0,0.0
10400.0,10525.0,10400.0,10425.0,56835200,0.0,0.0
10425.0,10500.0,10400.0,10500.0,51080000,0.0,0.0
10575.0,10575.0,10375.0,10375.0,44632100,0.0,0.0
10375.0,10500.0,10375.0,10500.0,31738600,0.0,0.0
10550.0,10625.0,10450.0,10625.0,66635200,0.0,0.0
10700.0,10725.0,10475.0,10475.0,63255900,0.0,0.0
10550.0,10800.0,10500.0,10725.0,66993300,0.0,0.0
10875.0,10875.0,10725.0,10750.0,56299600,0.0,0.0
10850.0,10850.0,10675.0,10675.0,36472500,0.0,0.0
10475.0,10600.0,10475.0,10500.0,94799500,0.0,0.0
10475.0,10650.0,10475.0,10650.0,48903000,0.0,0.0
10725.0,10850.0,10700.0,10700.0,85341200,0.0,0.0
10650.0,10750.0,10625.0,10750.0,34847500,0.0,0.0
10825.0,10825.0,10600.0,10600.0,39061500,0.0,0.0
10525.0,10575.0,10500.0,10500.0,49680100,0.0,0.0
10275.0,10400.0,10275.0,10350.0,114484100,0.0,0.0
10325.0,10475.0,10325.0,10450.0,20162800,0.0,0.0
