Open,High,Low,Close,Volume,Dividends,Stock Splits,date_str
434.2370300292969,511.6011047363281,434.2370300292969,511.6011047363281,571402,0.0,0.0,2019-11-07 00:00:00
586.4695434570312,639.5014038085938,384.3247375488281,384.3247375488281,4277101,0.0,0.0,2019-11-08 00:00:00
360.61639404296875,370.5988464355469,288.2435607910156,288.2435607910156,465616,0.0,0.0,2019-11-11 00:00:00
288.2435607910156,288.2435607910156,216.49461364746094,216.49461364746094,1443331,0.0,0.0,2019-11-12 00:00:00
205.8882598876953,269.52642822265625,163.46279907226562,269.52642822265625,6254169,0.0,0.0,2019-11-13 00:00:00
296.97821044921875,336.9080505371094,282.0045166015625,336.9080505371094,4187344,0.0,0.0,2019-11-14 00:00:00
368.1032409667969,420.51116943359375,368.1032409667969,368.1032409667969,6198872,0.0,0.0,2019-11-15 00:00:00
374.34228515625,436.732666015625,358.12078857421875,380.5813293457031,3166353,0.0,0.0,2019-11-18 00:00:00
386.8203430175781,418.0155334472656,355.6251525878906,355.6251525878906,1647689,0.0,0.0,2019-11-19 00:00:00
336.9080505371094,336.9080505371094,267.03082275390625,278.2611083984375,1588385,0.0,0.0,2019-11-20 00:00:00
286.9957580566406,286.9957580566406,240.2029571533203,268.27862548828125,986530,0.0,0.0,2019-11-21 00:00:00
268.27862548828125,268.27862548828125,246.44200134277344,248.31370544433594,511296,0.0,0.0,2019-11-22 00:00:00
250.809326171875,274.5176696777344,241.45077514648438,250.809326171875,250839,0.0,0.0,2019-11-25 00:00:00
262.0395812988281,263.28741455078125,237.0834503173828,245.19419860839844,364639,0.0,0.0,2019-11-26 00:00:00
245.19419860839844,245.19419860839844,243.32247924804688,244.57028198242188,221187,0.0,0.0,2019-11-27 00:00:00
237.7073516845703,242.07467651367188,237.0834503173828,237.0834503173828,168295,0.0,0.0,2019-11-28 00:00:00
237.0834503173828,237.7073516845703,237.0834503173828,237.0834503173828,24042,0.0,0.0,2019-11-29 00:00:00
237.0834503173828,237.0834503173828,224.60536193847656,225.22927856445312,217180,0.0,0.0,2019-12-02 00:00:00
224.60536193847656,224.60536193847656,205.8882598876953,217.11851501464844,179514,0.0,0.0,2019-12-03 00:00:00
215.87071228027344,238.3312530517578,215.24681091308594,238.3312530517578,212372,0.0,0.0,2019-12-04 00:00:00
243.94638061523438,293.2347717285156,243.94638061523438,268.27862548828125,1047437,0.0,0.0,2019-12-05 00:00:00
273.2698669433594,298.22601318359375,268.27862548828125,275.7654724121094,757328,0.0,0.0,2019-12-06 00:00:00
282.0045166015625,282.0045166015625,269.52642822265625,274.5176696777344,506488,0.0,0.0,2019-12-09 00:00:00
272.0220642089844,272.0220642089844,267.03082275390625,269.52642822265625,338994,0.0,0.0,2019-12-10 00:00:00
267.03082275390625,280.7567138671875,267.03082275390625,272.0220642089844,460808,0.0,0.0,2019-12-11 00:00:00
272.0220642089844,284.5001220703125,272.0220642089844,274.5176696777344,147458,0.0,0.0,2019-12-12 00:00:00
274.5176696777344,274.5176696777344,274.5176696777344,274.5176696777344,70523,0.0,0.0,2019-12-13 00:00:00
274.5176696777344,278.2611083984375,274.5176696777344,274.5176696777344,141848,0.0,0.0,2019-12-16 00:00:00
274.5176696777344,282.0045166015625,274.5176696777344,282.0045166015625,228400,0.0,0.0,2019-12-17 00:00:00
282.0045166015625,282.0045166015625,274.5176696777344,280.7567138671875,814228,0.0,0.0,2019-12-18 00:00:00
280.7567138671875,280.7567138671875,274.5176696777344,274.5176696777344,165089,0.0,0.0,2019-12-19 00:00:00
269.52642822265625,270.7742614746094,269.52642822265625,270.7742614746094,46481,0.0,0.0,2019-12-20 00:00:00
270.7742614746094,293.2347717285156,270.7742614746094,274.5176696777344,209166,0.0,0.0,2019-12-23 00:00:00
274.5176696777344,277.0132751464844,274.5176696777344,277.0132751464844,29652,0.0,0.0,2019-12-26 00:00:00
293.2347717285156,345.6427001953125,293.2347717285156,345.6427001953125,1767099,0.0,0.0,2019-12-27 00:00:00
361.86419677734375,430.4936218261719,361.86419677734375,386.8203430175781,2039577,0.0,0.0,2019-12-30 00:00:00
399.2984313964844,411.7765197753906,378.085693359375,386.8203430175781,774959,0.0,0.0,2020-01-02 00:00:00
386.8203430175781,399.2984313964844,386.8203430175781,386.8203430175781,274882,0.0,0.0,2020-01-03 00:00:00
386.8203430175781,386.8203430175781,349.3861389160156,355.6251525878906,1323922,0.0,0.0,2020-01-06 00:00:00
355.6251525878906,355.6251525878906,355.6251525878906,355.6251525878906,149061,0.0,0.0,2020-01-07 00:00:00
355.6251525878906,379.33349609375,355.6251525878906,355.6251525878906,70523,0.0,0.0,2020-01-08 00:00:00
358.12078857421875,359.36859130859375,356.87298583984375,358.12078857421875,63311,0.0,0.0,2020-01-09 00:00:00
358.12078857421875,358.12078857421875,355.6251525878906,355.6251525878906,49687,0.0,0.0,2020-01-10 00:00:00
368.1032409667969,368.1032409667969,355.6251525878906,358.12078857421875,64913,0.0,0.0,2020-01-13 00:00:00
358.12078857421875,375.590087890625,358.12078857421875,359.36859130859375,72927,0.0,0.0,2020-01-14 00:00:00
355.6251525878906,360.61639404296875,354.3773498535156,360.61639404296875,81743,0.0,0.0,2020-01-15 00:00:00
361.86419677734375,361.86419677734375,361.86419677734375,361.86419677734375,77736,0.0,0.0,2020-01-16 00:00:00
361.86419677734375,361.86419677734375,361.86419677734375,361.86419677734375,18432,0.0,0.0,2020-01-17 00:00:00
361.86419677734375,361.86419677734375,361.86419677734375,361.86419677734375,50488,0.0,0.0,2020-01-20 00:00:00
361.86419677734375,384.3247375488281,361.86419677734375,368.1032409667969,248435,0.0,0.0,2020-01-21 00:00:00
368.1032409667969,399.2984313964844,368.1032409667969,398.0506286621094,460006,0.0,0.0,2020-01-22 00:00:00
399.2984313964844,411.7765197753906,393.05938720703125,405.5374755859375,236414,0.0,0.0,2020-01-23 00:00:00
405.5374755859375,418.0155334472656,405.5374755859375,410.5286865234375,100977,0.0,0.0,2020-01-24 00:00:00
410.5286865234375,511.6011047363281,410.5286865234375,499.123046875,788583,0.0,0.0,2020-01-27 00:00:00
512.8489379882812,512.8489379882812,413.0243225097656,413.0243225097656,359029,0.0,0.0,2020-01-28 00:00:00
411.7765197753906,431.7414245605469,411.7765197753906,431.7414245605469,52091,0.0,0.0,2020-01-29 00:00:00
431.7414245605469,461.6888122558594,431.7414245605469,461.6888122558594,57701,0.0,0.0,2020-01-30 00:00:00
461.6888122558594,461.6888122558594,436.732666015625,447.9629211425781,117806,0.0,0.0,2020-01-31 00:00:00
436.732666015625,436.732666015625,424.25457763671875,436.732666015625,40871,0.0,0.0,2020-02-03 00:00:00
436.732666015625,436.732666015625,424.25457763671875,436.732666015625,40070,0.0,0.0,2020-02-04 00:00:00
436.732666015625,449.2107238769531,416.7677307128906,430.4936218261719,149862,0.0,0.0,2020-02-05 00:00:00
430.4936218261719,430.4936218261719,424.25457763671875,430.4936218261719,43275,0.0,0.0,2020-02-06 00:00:00
424.25457763671875,430.4936218261719,418.0155334472656,424.25457763671875,75332,0.0,0.0,2020-02-07 00:00:00
424.25457763671875,474.1669006347656,424.25457763671875,436.732666015625,206762,0.0,0.0,2020-02-10 00:00:00
436.732666015625,436.732666015625,434.2370300292969,436.732666015625,58502,0.0,0.0,2020-02-11 00:00:00
436.732666015625,436.732666015625,424.25457763671875,424.25457763671875,14425,0.0,0.0,2020-02-12 00:00:00
424.25457763671875,436.732666015625,424.25457763671875,430.4936218261719,52091,0.0,0.0,2020-02-13 00:00:00
425.50238037109375,425.50238037109375,424.25457763671875,425.50238037109375,383873,0.0,0.0,2020-02-14 00:00:00
425.50238037109375,436.732666015625,425.50238037109375,425.50238037109375,12822,0.0,0.0,2020-02-17 00:00:00
424.25457763671875,446.7151184082031,424.25457763671875,446.7151184082031,45680,0.0,0.0,2020-02-18 00:00:00
446.7151184082031,467.9278564453125,436.732666015625,455.44976806640625,77736,0.0,0.0,2020-02-19 00:00:00
455.44976806640625,467.9278564453125,455.44976806640625,467.9278564453125,43275,0.0,0.0,2020-02-20 00:00:00
467.9278564453125,467.9278564453125,436.732666015625,436.732666015625,12021,0.0,0.0,2020-02-21 00:00:00
436.732666015625,436.732666015625,436.732666015625,436.732666015625,2404,0.0,0.0,2020-02-24 00:00:00
436.732666015625,436.732666015625,436.732666015625,436.732666015625,8815,0.0,0.0,2020-02-25 00:00:00
426.7502136230469,426.7502136230469,424.25457763671875,424.25457763671875,82544,0.0,0.0,2020-02-26 00:00:00
424.25457763671875,424.25457763671875,411.7765197753906,424.25457763671875,200351,0.0,0.0,2020-02-27 00:00:00
424.25457763671875,424.25457763671875,399.2984313964844,399.2984313964844,230804,0.0,0.0,2020-02-28 00:00:00
380.5813293457031,399.2984313964844,380.5813293457031,388.06817626953125,177110,0.0,0.0,2020-03-02 00:00:00
405.5374755859375,461.6888122558594,399.2984313964844,399.2984313964844,101778,0.0,0.0,2020-03-03 00:00:00
399.2984313964844,424.25457763671875,399.2984313964844,424.25457763671875,22439,0.0,0.0,2020-03-04 00:00:00
393.05938720703125,405.5374755859375,393.05938720703125,405.5374755859375,50488,0.0,0.0,2020-03-05 00:00:00
418.0155334472656,418.0155334472656,389.31597900390625,389.31597900390625,1602,0.0,0.0,2020-03-06 00:00:00
390.56378173828125,390.56378173828125,389.31597900390625,389.31597900390625,32857,0.0,0.0,2020-03-09 00:00:00
399.2984313964844,418.0155334472656,399.2984313964844,418.0155334472656,8815,0.0,0.0,2020-03-10 00:00:00
400.5462341308594,400.5462341308594,389.31597900390625,393.05938720703125,100175,0.0,0.0,2020-03-11 00:00:00
386.8203430175781,391.81158447265625,386.8203430175781,386.8203430175781,204358,0.0,0.0,2020-03-12 00:00:00
386.8203430175781,386.8203430175781,360.61639404296875,361.86419677734375,347008,0.0,0.0,2020-03-13 00:00:00
336.9080505371094,336.9080505371094,336.9080505371094,336.9080505371094,76934,0.0,0.0,2020-03-16 00:00:00
314.447509765625,318.1909484863281,314.447509765625,314.447509765625,231606,0.0,0.0,2020-03-17 00:00:00
311.951904296875,324.4299621582031,293.2347717285156,294.48260498046875,12822,0.0,0.0,2020-03-18 00:00:00
275.7654724121094,277.0132751464844,274.5176696777344,274.5176696777344,227599,0.0,0.0,2020-03-19 00:00:00
257.0483703613281,286.9957580566406,257.0483703613281,286.9957580566406,6411,0.0,0.0,2020-03-20 00:00:00
311.951904296875,358.12078857421875,311.951904296875,358.12078857421875,238818,0.0,0.0,2020-03-23 00:00:00
442.9717102050781,446.7151184082031,442.9717102050781,446.7151184082031,149862,0.0,0.0,2020-03-24 00:00:00
423.00677490234375,424.25457763671875,420.51116943359375,420.51116943359375,189933,0.0,0.0,2020-03-26 00:00:00
391.81158447265625,420.51116943359375,391.81158447265625,391.81158447265625,585827,0.0,0.0,2020-03-27 00:00:00
408.0295715332031,489.3037414550781,408.0295715332031,489.3037414550781,7475,0.0,0.0,2020-03-30 00:00:00
543.2100830078125,609.5563354492188,543.2100830078125,609.5563354492188,482,0.0,0.0,2020-03-31 00:00:00
758.83544921875,758.83544921875,758.83544921875,758.83544921875,39308,0.0,0.0,2020-04-01 00:00:00
945.434326171875,945.434326171875,945.434326171875,945.434326171875,347630,0.0,0.0,2020-04-02 00:00:00
1020.0739135742188,1181.79296875,912.26123046875,995.1940307617188,1074242,0.0,0.0,2020-04-03 00:00:00
986.9007568359375,986.9007568359375,928.8477783203125,928.8477783203125,304101,0.0,0.0,2020-04-06 00:00:00
866.6481323242188,866.6481323242188,866.6481323242188,866.6481323242188,148192,0.0,0.0,2020-04-07 00:00:00
808.5951538085938,808.5951538085938,808.5951538085938,808.5951538085938,179301,0.0,0.0,2020-04-08 00:00:00
754.6888427734375,754.6888427734375,754.6888427734375,754.6888427734375,48834,0.0,0.0,2020-04-09 00:00:00
704.9291381835938,704.9291381835938,704.9291381835938,704.9291381835938,39550,0.0,0.0,2020-04-13 00:00:00
659.3160400390625,879.0880737304688,659.3160400390625,845.9149169921875,2158011,0.0,0.0,2020-04-14 00:00:00
870.7947998046875,903.9678955078125,787.8619384765625,796.1552124023438,804385,0.0,0.0,2020-04-15 00:00:00
771.275390625,816.888427734375,746.3955078125,779.5686645507812,169534,0.0,0.0,2020-04-16 00:00:00
812.7418212890625,812.7418212890625,792.0086059570312,792.0086059570312,93449,0.0,0.0,2020-04-17 00:00:00
787.8619384765625,792.0086059570312,750.5421752929688,779.5686645507812,163264,0.0,0.0,2020-04-20 00:00:00
767.1287231445312,767.1287231445312,738.1022338867188,746.3955078125,104904,0.0,0.0,2020-04-21 00:00:00
746.3955078125,746.3955078125,725.6622924804688,733.9556274414062,36415,0.0,0.0,2020-04-22 00:00:00
771.275390625,787.8619384765625,738.1022338867188,750.5421752929688,63907,0.0,0.0,2020-04-23 00:00:00
750.5421752929688,750.5421752929688,750.5421752929688,750.5421752929688,6390,0.0,0.0,2020-04-24 00:00:00
729.8089599609375,771.275390625,725.6622924804688,725.6622924804688,93207,0.0,0.0,2020-04-27 00:00:00
725.6622924804688,725.6622924804688,704.9291381835938,713.222412109375,52693,0.0,0.0,2020-04-28 00:00:00
713.222412109375,725.6622924804688,704.9291381835938,704.9291381835938,67645,0.0,0.0,2020-04-29 00:00:00
704.9291381835938,725.6622924804688,704.9291381835938,721.5156860351562,89831,0.0,0.0,2020-04-30 00:00:00
704.9291381835938,725.6622924804688,704.9291381835938,721.5156860351562,178457,0.0,0.0,2020-05-04 00:00:00
721.5156860351562,721.5156860351562,704.9291381835938,704.9291381835938,60289,0.0,0.0,2020-05-05 00:00:00
709.0757446289062,721.5156860351562,704.9291381835938,721.5156860351562,55948,0.0,0.0,2020-05-06 00:00:00
746.3955078125,746.3955078125,721.5156860351562,721.5156860351562,23513,0.0,0.0,2020-05-08 00:00:00
721.5156860351562,725.6622924804688,721.5156860351562,721.5156860351562,245620,0.0,0.0,2020-05-11 00:00:00
721.5156860351562,729.8089599609375,721.5156860351562,725.6622924804688,372831,0.0,0.0,2020-05-12 00:00:00
725.6622924804688,729.8089599609375,725.6622924804688,729.8089599609375,90193,0.0,0.0,2020-05-13 00:00:00
729.8089599609375,733.9556274414062,729.8089599609375,729.8089599609375,186898,0.0,0.0,2020-05-14 00:00:00
729.8089599609375,746.3955078125,729.8089599609375,733.9556274414062,244173,0.0,0.0,2020-05-15 00:00:00
746.3955078125,746.3955078125,746.3955078125,746.3955078125,29662,0.0,0.0,2020-05-18 00:00:00
704.9291381835938,746.3955078125,704.9291381835938,742.2489013671875,44132,0.0,0.0,2020-05-19 00:00:00
742.2489013671875,746.3955078125,725.6622924804688,742.2489013671875,11816,0.0,0.0,2020-05-20 00:00:00
746.3955078125,746.3955078125,717.3690185546875,746.3955078125,28215,0.0,0.0,2020-05-26 00:00:00
746.3955078125,754.6888427734375,746.3955078125,746.3955078125,92002,0.0,0.0,2020-05-27 00:00:00
746.3955078125,750.5421752929688,713.222412109375,746.3955078125,34365,0.0,0.0,2020-05-28 00:00:00
746.3955078125,746.3955078125,721.5156860351562,725.6622924804688,108159,0.0,0.0,2020-05-29 00:00:00
746.3955078125,746.3955078125,725.6622924804688,729.8089599609375,271062,0.0,0.0,2020-06-02 00:00:00
729.8089599609375,746.3955078125,725.6622924804688,729.8089599609375,165917,0.0,0.0,2020-06-03 00:00:00
746.3955078125,746.3955078125,729.8089599609375,729.8089599609375,56310,0.0,0.0,2020-06-04 00:00:00
729.8089599609375,829.328369140625,725.6622924804688,829.328369140625,243450,0.0,0.0,2020-06-05 00:00:00
829.328369140625,829.328369140625,787.8619384765625,812.7418212890625,328096,0.0,0.0,2020-06-08 00:00:00
812.7418212890625,825.1817016601562,812.7418212890625,825.1817016601562,88384,0.0,0.0,2020-06-09 00:00:00
825.1817016601562,841.768310546875,808.5951538085938,841.768310546875,129864,0.0,0.0,2020-06-10 00:00:00
841.768310546875,1011.7805786132812,841.768310546875,982.7540893554688,760133,0.0,0.0,2020-06-11 00:00:00
986.9007568359375,1161.0596923828125,978.6074829101562,1078.1268310546875,1822800,0.0,0.0,2020-06-12 00:00:00
1090.5667724609375,1094.7135009765625,1003.4873046875,1044.9537353515625,334246,0.0,0.0,2020-06-15 00:00:00
1044.9537353515625,1078.1268310546875,999.3406982421875,1044.9537353515625,197268,0.0,0.0,2020-06-16 00:00:00
1044.9537353515625,1053.2470703125,1036.660400390625,1040.80712890625,160008,0.0,0.0,2020-06-17 00:00:00
1049.100341796875,1082.2735595703125,1049.100341796875,1082.2735595703125,440838,0.0,0.0,2020-06-18 00:00:00
1086.420166015625,1119.59326171875,1082.2735595703125,1119.59326171875,687785,0.0,0.0,2020-06-19 00:00:00
1127.8865966796875,1127.8865966796875,1078.1268310546875,1115.4466552734375,418169,0.0,0.0,2020-06-22 00:00:00
1119.59326171875,1136.1798095703125,1115.4466552734375,1123.739990234375,395621,0.0,0.0,2020-06-23 00:00:00
1123.739990234375,1132.033203125,1119.59326171875,1123.739990234375,188224,0.0,0.0,2020-06-24 00:00:00
1123.739990234375,1161.0596923828125,1115.4466552734375,1132.033203125,172911,0.0,0.0,2020-06-25 00:00:00
1144.47314453125,1144.47314453125,1115.4466552734375,1115.4466552734375,433362,0.0,0.0,2020-06-26 00:00:00
1115.4466552734375,1181.79296875,1115.4466552734375,1181.79296875,490517,0.0,0.0,2020-06-29 00:00:00
1243.9925537109375,1476.2044677734375,1202.526123046875,1467.9112548828125,2468985,0.0,0.0,2020-06-30 00:00:00
1492.791015625,1832.815673828125,1484.497802734375,1832.815673828125,5434638,0.0,0.0,2020-07-01 00:00:00
1874.2821044921875,2288.9462890625,1832.815673828125,2288.9462890625,6766680,0.0,0.0,2020-07-02 00:00:00
2322.119384765625,2819.716552734375,2156.253662109375,2405.05224609375,9333697,0.0,0.0,2020-07-03 00:00:00
2405.05224609375,2405.05224609375,2405.05224609375,2405.05224609375,0,0.0,0.0,2020-07-06 00:00:00
2421.638916015625,2728.490234375,2239.1865234375,2405.05224609375,2000172,0.0,0.0,2020-07-07 00:00:00
2405.05224609375,2405.05224609375,2264.06640625,2264.06640625,726853,0.0,0.0,2020-07-08 00:00:00
2280.653076171875,2554.331298828125,2280.653076171875,2446.518798828125,1372556,0.0,0.0,2020-07-09 00:00:00
2463.105224609375,2529.451416015625,2446.518798828125,2454.81201171875,442888,0.0,0.0,2020-07-10 00:00:00
2471.3984375,2496.2783203125,2363.5859375,2421.638916015625,341722,0.0,0.0,2020-07-13 00:00:00
2405.05224609375,2405.05224609375,2264.06640625,2313.826171875,565156,0.0,0.0,2020-07-14 00:00:00
2322.119384765625,2487.985107421875,2305.532958984375,2371.879150390625,265395,0.0,0.0,2020-07-15 00:00:00
2363.5859375,2413.345458984375,2338.7060546875,2355.29248046875,43167,0.0,0.0,2020-07-16 00:00:00
2355.29248046875,2371.879150390625,2305.532958984375,2313.826171875,96343,0.0,0.0,2020-07-17 00:00:00
2313.826171875,2330.41259765625,2280.653076171875,2322.119384765625,218851,0.0,0.0,2020-07-20 00:00:00
2322.119384765625,2346.999267578125,2297.239501953125,2322.119384765625,129381,0.0,0.0,2020-07-21 00:00:00
2305.532958984375,2355.29248046875,2297.239501953125,2322.119384765625,221625,0.0,0.0,2020-07-22 00:00:00
2239.1865234375,2346.999267578125,2239.1865234375,2305.532958984375,156391,0.0,0.0,2020-07-23 00:00:00
2313.826171875,2322.119384765625,2297.239501953125,2305.532958984375,98634,0.0,0.0,2020-07-24 00:00:00
2313.826171875,2446.518798828125,2264.06640625,2322.119384765625,225965,0.0,0.0,2020-07-27 00:00:00
2330.41259765625,2355.29248046875,2305.532958984375,2305.532958984375,322309,0.0,0.0,2020-07-28 00:00:00
2305.532958984375,2322.119384765625,2280.653076171875,2297.239501953125,131552,0.0,0.0,2020-07-29 00:00:00
2297.239501953125,2322.119384765625,2280.653076171875,2322.119384765625,341481,0.0,0.0,2020-07-30 00:00:00
2322.119384765625,2322.119384765625,2272.359619140625,2272.359619140625,233683,0.0,0.0,2020-08-03 00:00:00
2272.359619140625,2288.9462890625,2272.359619140625,2280.653076171875,121182,0.0,0.0,2020-08-04 00:00:00
2280.653076171875,2288.9462890625,2264.06640625,2280.653076171875,99839,0.0,0.0,2020-08-05 00:00:00
2272.359619140625,2280.653076171875,2264.06640625,2280.653076171875,49196,0.0,0.0,2020-08-06 00:00:00
2280.653076171875,2280.653076171875,2264.06640625,2272.359619140625,27492,0.0,0.0,2020-08-07 00:00:00
2272.359619140625,2280.653076171875,2264.06640625,2272.359619140625,69574,0.0,0.0,2020-08-10 00:00:00
2280.653076171875,2280.653076171875,2247.47998046875,2255.773193359375,108159,0.0,0.0,2020-08-11 00:00:00
2255.773193359375,2272.359619140625,2247.47998046875,2255.773193359375,36656,0.0,0.0,2020-08-12 00:00:00
2255.773193359375,2255.773193359375,2156.253662109375,2197.72021484375,355830,0.0,0.0,2020-08-13 00:00:00
2197.72021484375,2214.306640625,2156.253662109375,2172.84033203125,70900,0.0,0.0,2020-08-14 00:00:00
2189.427001953125,2214.306640625,2172.84033203125,2214.306640625,41720,0.0,0.0,2020-08-18 00:00:00
2214.306640625,2214.306640625,2172.84033203125,2197.72021484375,90675,0.0,0.0,2020-08-19 00:00:00
2206.013427734375,2239.1865234375,2181.133544921875,2197.72021484375,162058,0.0,0.0,2020-08-24 00:00:00
2197.72021484375,2197.72021484375,2172.84033203125,2189.427001953125,123232,0.0,0.0,2020-08-25 00:00:00
2197.72021484375,2197.72021484375,2164.547119140625,2164.547119140625,312662,0.0,0.0,2020-08-26 00:00:00
2189.427001953125,2189.427001953125,2040.1478271484375,2114.787353515625,239591,0.0,0.0,2020-08-27 00:00:00
2114.787353515625,2114.787353515625,1990.3880615234375,2114.787353515625,262622,0.0,0.0,2020-08-28 00:00:00
2123.08056640625,2487.985107421875,2123.08056640625,2181.133544921875,954627,0.0,0.0,2020-08-31 00:00:00
2197.72021484375,2322.119384765625,2197.72021484375,2313.826171875,379343,0.0,0.0,2020-09-01 00:00:00
2313.826171875,2322.119384765625,2247.47998046875,2288.9462890625,175563,0.0,0.0,2020-09-02 00:00:00
2288.9462890625,2371.879150390625,2288.9462890625,2338.7060546875,171343,0.0,0.0,2020-09-03 00:00:00
2280.653076171875,2338.7060546875,2230.893310546875,2305.532958984375,85490,0.0,0.0,2020-09-04 00:00:00
2305.532958984375,2305.532958984375,2239.1865234375,2305.532958984375,29662,0.0,0.0,2020-09-07 00:00:00
2305.532958984375,2322.119384765625,2272.359619140625,2288.9462890625,73794,0.0,0.0,2020-09-08 00:00:00
2280.653076171875,2305.532958984375,2239.1865234375,2272.359619140625,53054,0.0,0.0,2020-09-09 00:00:00
2239.1865234375,2272.359619140625,2114.787353515625,2239.1865234375,838509,0.0,0.0,2020-09-10 00:00:00
2230.893310546875,2255.773193359375,2222.60009765625,2222.60009765625,183401,0.0,0.0,2020-09-11 00:00:00
2222.60009765625,2380.17236328125,2222.60009765625,2330.41259765625,203417,0.0,0.0,2020-09-14 00:00:00
2330.41259765625,2380.17236328125,2330.41259765625,2363.5859375,148674,0.0,0.0,2020-09-15 00:00:00
2363.5859375,2405.05224609375,2363.5859375,2380.17236328125,259487,0.0,0.0,2020-09-16 00:00:00
2380.17236328125,2388.4658203125,2280.653076171875,2388.4658203125,149759,0.0,0.0,2020-09-17 00:00:00
2388.4658203125,2388.4658203125,2346.999267578125,2371.879150390625,22427,0.0,0.0,2020-09-18 00:00:00
2380.17236328125,2438.225341796875,2363.5859375,2371.879150390625,579866,0.0,0.0,2020-09-21 00:00:00
2388.4658203125,2388.4658203125,2371.879150390625,2371.879150390625,43529,0.0,0.0,2020-09-22 00:00:00
2371.879150390625,2388.4658203125,2363.5859375,2371.879150390625,203658,0.0,0.0,2020-09-23 00:00:00
2355.29248046875,2388.4658203125,2338.7060546875,2338.7060546875,112138,0.0,0.0,2020-09-24 00:00:00
2338.7060546875,2380.17236328125,2338.7060546875,2380.17236328125,149156,0.0,0.0,2020-09-25 00:00:00
2380.17236328125,2388.4658203125,2363.5859375,2371.879150390625,142163,0.0,0.0,2020-09-28 00:00:00
2371.879150390625,2371.879150390625,2355.29248046875,2363.5859375,146383,0.0,0.0,2020-09-29 00:00:00
2363.5859375,2363.5859375,2346.999267578125,2355.29248046875,148553,0.0,0.0,2020-09-30 00:00:00
2363.5859375,2380.17236328125,2355.29248046875,2363.5859375,171946,0.0,0.0,2020-10-01 00:00:00
2363.5859375,2363.5859375,2288.9462890625,2346.999267578125,90193,0.0,0.0,2020-10-02 00:00:00
2346.999267578125,2346.999267578125,2222.60009765625,2322.119384765625,630510,0.0,0.0,2020-10-05 00:00:00
2346.999267578125,2355.29248046875,2322.119384765625,2355.29248046875,106109,0.0,0.0,2020-10-06 00:00:00
2355.29248046875,2355.29248046875,2313.826171875,2330.41259765625,67886,0.0,0.0,2020-10-07 00:00:00
2330.41259765625,2338.7060546875,2322.119384765625,2322.119384765625,92122,0.0,0.0,2020-10-08 00:00:00
2322.119384765625,2330.41259765625,2313.826171875,2322.119384765625,165193,0.0,0.0,2020-10-09 00:00:00
2322.119384765625,2322.119384765625,2305.532958984375,2305.532958984375,21704,0.0,0.0,2020-10-12 00:00:00
2305.532958984375,2305.532958984375,2247.47998046875,2305.532958984375,171222,0.0,0.0,2020-10-13 00:00:00
2305.532958984375,2305.532958984375,2230.893310546875,2272.359619140625,383804,0.0,0.0,2020-10-14 00:00:00
2288.9462890625,2288.9462890625,2189.427001953125,2264.06640625,217043,0.0,0.0,2020-10-15 00:00:00
2264.06640625,2264.06640625,2181.133544921875,2247.47998046875,208240,0.0,0.0,2020-10-16 00:00:00
2247.47998046875,2247.47998046875,2147.96044921875,2156.253662109375,219334,0.0,0.0,2020-10-19 00:00:00
2156.253662109375,2272.359619140625,2156.253662109375,2239.1865234375,563950,0.0,0.0,2020-10-20 00:00:00
2239.1865234375,2239.1865234375,2239.1865234375,2239.1865234375,22668,0.0,0.0,2020-10-21 00:00:00
2239.1865234375,2239.1865234375,2206.013427734375,2214.306640625,203297,0.0,0.0,2020-10-22 00:00:00
2239.1865234375,2255.773193359375,2230.893310546875,2239.1865234375,282276,0.0,0.0,2020-10-23 00:00:00
2239.1865234375,2322.119384765625,2230.893310546875,2322.119384765625,392245,0.0,0.0,2020-10-26 00:00:00
2322.119384765625,2380.17236328125,2322.119384765625,2363.5859375,417084,0.0,0.0,2020-10-27 00:00:00
2363.5859375,2405.05224609375,2363.5859375,2371.879150390625,165796,0.0,0.0,2020-11-02 00:00:00
2405.05224609375,2438.225341796875,2371.879150390625,2421.638916015625,434327,0.0,0.0,2020-11-03 00:00:00
2405.05224609375,2454.81201171875,2405.05224609375,2446.518798828125,306633,0.0,0.0,2020-11-04 00:00:00
2446.518798828125,2562.624755859375,2405.05224609375,2405.05224609375,477615,0.0,0.0,2020-11-05 00:00:00
2413.345458984375,2421.638916015625,2363.5859375,2421.638916015625,139992,0.0,0.0,2020-11-06 00:00:00
2479.69189453125,2479.69189453125,2396.759033203125,2405.05224609375,163023,0.0,0.0,2020-11-09 00:00:00
2405.05224609375,2429.93212890625,2380.17236328125,2429.93212890625,245138,0.0,0.0,2020-11-10 00:00:00
2429.93212890625,2429.93212890625,2405.05224609375,2405.05224609375,109968,0.0,0.0,2020-11-11 00:00:00
2421.638916015625,2446.518798828125,2413.345458984375,2413.345458984375,227051,0.0,0.0,2020-11-12 00:00:00
2421.638916015625,2421.638916015625,2371.879150390625,2405.05224609375,31350,0.0,0.0,2020-11-13 00:00:00
2405.05224609375,2405.05224609375,2396.759033203125,2396.759033203125,103577,0.0,0.0,2020-11-16 00:00:00
2405.05224609375,2429.93212890625,2405.05224609375,2413.345458984375,160250,0.0,0.0,2020-11-17 00:00:00
2413.345458984375,2438.225341796875,2405.05224609375,2405.05224609375,191480,0.0,0.0,2020-11-18 00:00:00
2421.638916015625,2429.93212890625,2405.05224609375,2421.638916015625,249961,0.0,0.0,2020-11-19 00:00:00
2413.345458984375,2429.93212890625,2405.05224609375,2405.05224609375,221625,0.0,0.0,2020-11-20 00:00:00
2429.93212890625,2429.93212890625,2405.05224609375,2429.93212890625,90555,0.0,0.0,2020-11-23 00:00:00
2421.638916015625,2438.225341796875,2421.638916015625,2421.638916015625,111777,0.0,0.0,2020-11-24 00:00:00
2405.05224609375,2446.518798828125,2405.05224609375,2421.638916015625,204864,0.0,0.0,2020-11-25 00:00:00
2446.518798828125,2454.81201171875,2405.05224609375,2429.93212890625,137822,0.0,0.0,2020-11-26 00:00:00
2413.345458984375,2446.518798828125,2405.05224609375,2446.518798828125,122870,0.0,0.0,2020-11-27 00:00:00
2454.81201171875,2487.985107421875,2396.759033203125,2396.759033203125,1338673,0.0,0.0,2020-11-30 00:00:00
2405.05224609375,2421.638916015625,2363.5859375,2405.05224609375,345580,0.0,0.0,2020-12-01 00:00:00
2405.05224609375,2429.93212890625,2363.5859375,2413.345458984375,698034,0.0,0.0,2020-12-02 00:00:00
2421.638916015625,2902.649169921875,2405.05224609375,2736.78369140625,2247963,0.0,0.0,2020-12-03 00:00:00
2745.076904296875,3358.77978515625,2736.78369140625,3358.77978515625,2183212,0.0,0.0,2020-12-04 00:00:00
3333.900146484375,3358.77978515625,3126.56787109375,3126.56787109375,2279917,0.0,0.0,2020-12-07 00:00:00
3126.56787109375,3126.56787109375,2910.942626953125,2910.942626953125,1612268,0.0,0.0,2020-12-08 00:00:00
2910.942626953125,2910.942626953125,2711.90380859375,2778.25,3059101,0.0,0.0,2020-12-10 00:00:00
2778.25,2819.716552734375,2662.14404296875,2745.076904296875,1307684,0.0,0.0,2020-12-11 00:00:00
2778.25,3143.154541015625,2778.25,3068.514892578125,1884657,0.0,0.0,2020-12-14 00:00:00
3068.514892578125,3242.673828125,3068.514892578125,3109.9814453125,2073364,0.0,0.0,2020-12-15 00:00:00
3109.9814453125,3217.794189453125,3101.68798828125,3184.620849609375,1494341,0.0,0.0,2020-12-16 00:00:00
3184.620849609375,3242.673828125,3085.1015625,3184.620849609375,1744544,0.0,0.0,2020-12-17 00:00:00
3151.44775390625,3773.444091796875,3151.44775390625,3234.380615234375,4894563,0.0,0.0,2020-12-18 00:00:00
3400.246337890625,4038.8291015625,3309.020263671875,3358.77978515625,28566007,0.0,0.0,2020-12-21 00:00:00
3383.65966796875,3524.6455078125,3342.193359375,3400.246337890625,8952786,0.0,0.0,2020-12-22 00:00:00
3425.126220703125,3450.006103515625,3234.380615234375,3375.366455078125,3659105,0.0,0.0,2020-12-23 00:00:00
3383.65966796875,3649.044921875,3383.65966796875,3541.232177734375,5483232,0.0,0.0,2020-12-28 00:00:00
3566.112060546875,3673.924560546875,3549.525390625,3574.4052734375,4373539,0.0,0.0,2020-12-29 00:00:00
3574.4052734375,3649.044921875,3532.93896484375,3566.112060546875,3192101,0.0,0.0,2020-12-30 00:00:00
3566.112060546875,3640.75146484375,3466.592529296875,3516.352294921875,2032849,0.0,0.0,2021-01-04 00:00:00
3566.112060546875,3980.776123046875,3549.525390625,3690.51123046875,12598749,0.0,0.0,2021-01-05 00:00:00
3731.9775390625,3814.910400390625,3433.41943359375,3491.472412109375,16386151,0.0,0.0,2021-01-06 00:00:00
3508.05908203125,3607.578369140625,3508.05908203125,3574.4052734375,6066475,0.0,0.0,2021-01-07 00:00:00
3574.4052734375,3607.578369140625,3541.232177734375,3549.525390625,2570996,0.0,0.0,2021-01-08 00:00:00
3549.525390625,3582.698486328125,3458.29931640625,3566.112060546875,4609754,0.0,0.0,2021-01-11 00:00:00
3566.112060546875,3599.28515625,3524.6455078125,3566.112060546875,3458220,0.0,0.0,2021-01-12 00:00:00
3566.112060546875,3806.6171875,3549.525390625,3607.578369140625,5122217,0.0,0.0,2021-01-13 00:00:00
3632.458251953125,3814.910400390625,3632.458251953125,3765.15087890625,4986565,0.0,0.0,2021-01-14 00:00:00
3781.7373046875,4706.4384765625,3765.15087890625,4706.4384765625,31613653,0.0,0.0,2021-01-15 00:00:00
4893.03759765625,5100.36962890625,4395.4404296875,4727.171875,10064529,0.0,0.0,2021-01-18 00:00:00
4768.63818359375,5017.4365234375,4436.90673828125,4644.23876953125,4887931,0.0,0.0,2021-01-19 00:00:00
4664.97216796875,4934.50390625,4664.97216796875,4851.57080078125,2459580,0.0,0.0,2021-01-20 00:00:00
4851.57080078125,5805.29833984375,4830.837890625,5141.8359375,24305089,0.0,0.0,2021-01-21 00:00:00
5183.30224609375,5390.63427734375,5038.169921875,5307.70166015625,7871670,0.0,0.0,2021-01-22 00:00:00
5349.16796875,5722.36572265625,4975.97021484375,5660.166015625,18064617,0.0,0.0,2021-01-25 00:00:00
5722.36572265625,5950.43115234375,5266.2353515625,5432.1005859375,10996488,0.0,0.0,2021-01-26 00:00:00
5473.5673828125,5535.76708984375,5183.30224609375,5473.5673828125,4163007,0.0,0.0,2021-01-27 00:00:00
5452.833984375,5535.76708984375,5141.8359375,5307.70166015625,3286756,0.0,0.0,2021-01-28 00:00:00
5390.63427734375,5680.8994140625,5286.96826171875,5556.5,4761202,0.0,0.0,2021-01-29 00:00:00
5597.96630859375,5971.1640625,5390.63427734375,5805.29833984375,8334937,0.0,0.0,2021-02-01 00:00:00
5805.29833984375,6054.09716796875,5805.29833984375,5888.2314453125,4189896,0.0,0.0,2021-02-02 00:00:00
5971.1640625,5991.8974609375,5784.5654296875,5784.5654296875,2763079,0.0,0.0,2021-02-03 00:00:00
5805.29833984375,5867.498046875,5722.36572265625,5805.29833984375,4250909,0.0,0.0,2021-02-04 00:00:00
5826.03173828125,5950.43115234375,5826.03173828125,5846.76513671875,4051230,0.0,0.0,2021-02-05 00:00:00
5867.498046875,5929.69775390625,5680.8994140625,5846.76513671875,8403305,0.0,0.0,2021-02-08 00:00:00
5888.2314453125,5908.96484375,5763.83203125,5805.29833984375,2683979,0.0,0.0,2021-02-09 00:00:00
5805.29833984375,6178.49658203125,5722.36572265625,5929.69775390625,4592029,0.0,0.0,2021-02-10 00:00:00
5991.8974609375,6116.296875,5950.43115234375,5971.1640625,3643068,0.0,0.0,2021-02-11 00:00:00
6033.36376953125,6593.16064453125,5971.1640625,6344.36181640625,9010785,0.0,0.0,2021-02-15 00:00:00
6489.49462890625,6634.626953125,6427.294921875,6551.6943359375,2964085,0.0,0.0,2021-02-16 00:00:00
6634.626953125,7443.22216796875,6593.16064453125,7007.82470703125,11043152,0.0,0.0,2021-02-17 00:00:00
7173.6904296875,7318.82275390625,6987.09130859375,7132.22412109375,7247672,0.0,0.0,2021-02-18 00:00:00
7132.22412109375,7857.88623046875,7090.75732421875,7774.95361328125,12191672,0.0,0.0,2021-02-19 00:00:00
7837.1533203125,9309.2109375,7816.419921875,9039.6796875,29714647,0.0,0.0,2021-02-22 00:00:00
9060.412109375,9122.6123046875,8417.6826171875,8417.6826171875,17611359,0.0,0.0,2021-02-23 00:00:00
8293.283203125,8749.4140625,7837.1533203125,8728.6806640625,30563044,0.0,0.0,2021-02-24 00:00:00
8790.880859375,8790.880859375,8210.3505859375,8583.548828125,8179028,0.0,0.0,2021-02-25 00:00:00
8500.6162109375,8562.8154296875,8127.41796875,8293.283203125,9325497,0.0,0.0,2021-02-26 00:00:00
8272.55078125,8583.548828125,8148.1513671875,8293.283203125,5472741,0.0,0.0,2021-03-01 00:00:00
8459.1494140625,8542.08203125,8251.8173828125,8500.6162109375,7640158,0.0,0.0,2021-03-02 00:00:00
8500.6162109375,9578.7421875,8500.6162109375,9081.1455078125,14021828,0.0,0.0,2021-03-03 00:00:00
9039.6796875,9516.54296875,8687.21484375,9205.544921875,10404443,0.0,0.0,2021-03-04 00:00:00
9300.0,10500.0,9275.0,9500.0,13454000,0.0,0.0,2021-03-05 00:00:00
9700.0,10000.0,9550.0,9700.0,3638900,0.0,0.0,2021-03-08 00:00:00
9700.0,10275.0,9525.0,10225.0,5039300,0.0,0.0,2021-03-09 00:00:00
10225.0,11900.0,10000.0,10975.0,16577100,0.0,0.0,2021-03-10 00:00:00
10975.0,11750.0,10975.0,11375.0,6368800,0.0,0.0,2021-03-12 00:00:00
11450.0,11450.0,10675.0,10850.0,7194300,0.0,0.0,2021-03-15 00:00:00
10850.0,10850.0,10100.0,10100.0,9543100,0.0,0.0,2021-03-16 00:00:00
10000.0,10050.0,9400.0,9875.0,10959200,0.0,0.0,2021-03-17 00:00:00
9875.0,10750.0,9875.0,10600.0,16407500,0.0,0.0,2021-03-18 00:00:00
10600.0,10625.0,10250.0,10450.0,8325200,0.0,0.0,2021-03-19 00:00:00
10475.0,10475.0,9975.0,10000.0,5940200,0.0,0.0,2021-03-22 00:00:00
10000.0,10050.0,9325.0,9375.0,10615200,0.0,0.0,2021-03-23 00:00:00
9400.0,9750.0,8800.0,9575.0,12054900,0.0,0.0,2021-03-24 00:00:00
9575.0,9675.0,9225.0,9425.0,4532800,0.0,0.0,2021-03-25 00:00:00
9450.0,9925.0,9300.0,9900.0,10001900,0.0,0.0,2021-03-26 00:00:00
10000.0,10375.0,9850.0,10050.0,7381800,0.0,0.0,2021-03-29 00:00:00
10100.0,10200.0,9575.0,9975.0,4565600,0.0,0.0,2021-03-30 00:00:00
9975.0,10100.0,9500.0,9725.0,3748900,0.0,0.0,2021-03-31 00:00:00
9725.0,10025.0,9725.0,9975.0,8461000,0.0,0.0,2021-04-01 00:00:00
10000.0,10125.0,9825.0,10075.0,4132900,0.0,0.0,2021-04-05 00:00:00
10075.0,10075.0,9925.0,10075.0,2927200,0.0,0.0,2021-04-06 00:00:00
10075.0,10075.0,9900.0,10050.0,3602300,0.0,0.0,2021-04-07 00:00:00
10050.0,10050.0,9875.0,9900.0,3671900,0.0,0.0,2021-04-08 00:00:00
10000.0,10075.0,9850.0,10025.0,6896900,0.0,0.0,2021-04-09 00:00:00
10025.0,11000.0,10025.0,10725.0,20493500,0.0,0.0,2021-04-12 00:00:00
10750.0,10850.0,10350.0,10550.0,5841800,0.0,0.0,2021-04-13 00:00:00
10650.0,11225.0,10600.0,10925.0,11955800,0.0,0.0,2021-04-14 00:00:00
11200.0,11650.0,10975.0,11050.0,14407700,0.0,0.0,2021-04-15 00:00:00
11100.0,11475.0,11000.0,11200.0,6576200,0.0,0.0,2021-04-16 00:00:00
11200.0,11350.0,10800.0,11075.0,7028800,0.0,0.0,2021-04-19 00:00:00
11075.0,11075.0,10575.0,10800.0,5454400,0.0,0.0,2021-04-20 00:00:00
10800.0,10900.0,10650.0,10775.0,2216700,0.0,0.0,2021-04-21 00:00:00
10800.0,10875.0,10500.0,10600.0,3055800,0.0,0.0,2021-04-22 00:00:00
10600.0,10650.0,10350.0,10350.0,2787700,0.0,0.0,2021-04-23 00:00:00
10375.0,10400.0,9900.0,9950.0,6374600,0.0,0.0,2021-04-26 00:00:00
9950.0,10200.0,9725.0,10025.0,8089200,0.0,0.0,2021-04-27 00:00:00
10025.0,10500.0,10025.0,10475.0,5351600,0.0,0.0,2021-04-28 00:00:00
10475.0,10600.0,10350.0,10375.0,1779300,0.0,0.0,2021-04-29 00:00:00
10400.0,10400.0,10050.0,10150.0,3777900,0.0,0.0,2021-04-30 00:00:00
10150.0,10150.0,9925.0,10025.0,2346800,0.0,0.0,2021-05-03 00:00:00
10050.0,10125.0,9975.0,9975.0,3301400,0.0,0.0,2021-05-04 00:00:00
9975.0,10025.0,9875.0,9925.0,2150100,0.0,0.0,2021-05-05 00:00:00
9950.0,10125.0,9875.0,10125.0,2430700,0.0,0.0,2021-05-06 00:00:00
10125.0,10200.0,10050.0,10100.0,1750700,0.0,0.0,2021-05-07 00:00:00
10100.0,10575.0,10075.0,10500.0,25279100,0.0,0.0,2021-05-10 00:00:00
10500.0,10575.0,10275.0,10500.0,35822600,0.0,0.0,2021-05-11 00:00:00
10600.0,11025.0,10425.0,10700.0,35533000,0.0,0.0,2021-05-17 00:00:00
10750.0,10925.0,10250.0,10575.0,20797700,0.0,0.0,2021-05-18 00:00:00
10575.0,10675.0,10150.0,10200.0,14848700,0.0,0.0,2021-05-19 00:00:00
10150.0,10300.0,10000.0,10200.0,21508500,0.0,0.0,2021-05-20 00:00:00
10200.0,10325.0,10025.0,10075.0,8668600,0.0,0.0,2021-05-21 00:00:00
10075.0,10650.0,10075.0,10650.0,38553900,0.0,0.0,2021-05-24 00:00:00
10675.0,11825.0,10600.0,11675.0,74784000,0.0,0.0,2021-05-25 00:00:00
11675.0,12550.0,11675.0,12475.0,81425100,0.0,0.0,2021-05-27 00:00:00
12475.0,12550.0,11675.0,12150.0,22374400,0.0,0.0,2021-05-28 00:00:00
12100.0,12150.0,11500.0,12150.0,36531500,0.0,0.0,2021-05-31 00:00:00
12100.0,12650.0,12000.0,12175.0,35190200,0.0,0.0,2021-06-02 00:00:00
12175.0,12250.0,11800.0,11850.0,19626000,0.0,0.0,2021-06-03 00:00:00
11850.0,12100.0,11800.0,11875.0,20934000,0.0,0.0,2021-06-04 00:00:00
11900.0,12475.0,11900.0,12300.0,36920500,0.0,0.0,2021-06-07 00:00:00
12350.0,12475.0,11925.0,12050.0,14945900,0.0,0.0,2021-06-08 00:00:00
12050.0,13300.0,12025.0,12600.0,56485700,0.0,0.0,2021-06-09 00:00:00
12725.0,12950.0,12275.0,12900.0,30836700,0.0,0.0,2021-06-10 00:00:00
12925.0,13275.0,12550.0,13000.0,26274300,0.0,0.0,2021-06-11 00:00:00
13025.0,13475.0,12650.0,12950.0,18558700,0.0,0.0,2021-06-14 00:00:00
12950.0,13050.0,12725.0,12925.0,23267100,0.0,0.0,2021-06-15 00:00:00
12925.0,14275.0,12925.0,14000.0,65863000,0.0,0.0,2021-06-16 00:00:00
14075.0,14200.0,13500.0,14075.0,35352000,0.0,0.0,2021-06-17 00:00:00
14075.0,14400.0,13300.0,14075.0,25748300,0.0,0.0,2021-06-18 00:00:00
14075.0,14150.0,13525.0,14150.0,18496300,0.0,0.0,2021-06-21 00:00:00
14150.0,14950.0,13950.0,14850.0,25456000,0.0,0.0,2021-06-22 00:00:00
14850.0,15000.0,13825.0,13825.0,23232000,0.0,0.0,2021-06-23 00:00:00
13825.0,13925.0,13150.0,13875.0,19260400,0.0,0.0,2021-06-24 00:00:00
13875.0,14100.0,13550.0,13575.0,15267600,0.0,0.0,2021-06-25 00:00:00
13600.0,13775.0,13350.0,13450.0,14158900,0.0,0.0,2021-06-28 00:00:00
13400.0,13750.0,12575.0,13725.0,20638600,0.0,0.0,2021-06-29 00:00:00
13725.0,13875.0,13400.0,13625.0,15439400,0.0,0.0,2021-06-30 00:00:00
13625.0,14225.0,13525.0,13525.0,15941500,0.0,0.0,2021-07-01 00:00:00
13525.0,13900.0,13200.0,13225.0,10032000,0.0,0.0,2021-07-02 00:00:00
13225.0,14500.0,13225.0,14400.0,25420300,0.0,0.0,2021-07-05 00:00:00
14550.0,14650.0,13950.0,14225.0,13381500,0.0,0.0,2021-07-06 00:00:00
14225.0,14400.0,13850.0,13925.0,10979800,0.0,0.0,2021-07-07 00:00:00
13925.0,14275.0,13925.0,14000.0,12300800,0.0,0.0,2021-07-08 00:00:00
14000.0,14225.0,13850.0,13900.0,8519000,0.0,0.0,2021-07-09 00:00:00
13925.0,14900.0,13850.0,14575.0,23530900,0.0,0.0,2021-07-12 00:00:00
14650.0,14825.0,14000.0,14175.0,8744800,0.0,0.0,2021-07-13 00:00:00
14175.0,14550.0,13500.0,14550.0,11162900,0.0,0.0,2021-07-14 00:00:00
14550.0,15300.0,14375.0,15100.0,25168100,0.0,0.0,2021-07-15 00:00:00
15100.0,15950.0,15075.0,15900.0,19150900,0.0,0.0,2021-07-16 00:00:00
15900.0,15900.0,15150.0,15300.0,12285200,0.0,0.0,2021-07-19 00:00:00
15300.0,15500.0,14850.0,15075.0,10908300,0.0,0.0,2021-07-21 00:00:00
15150.0,15900.0,15075.0,15875.0,13295900,0.0,0.0,2021-07-22 00:00:00
15900.0,16875.0,15875.0,16350.0,24362200,0.0,0.0,2021-07-23 00:00:00
16350.0,17050.0,16350.0,16825.0,13571700,0.0,0.0,2021-07-26 00:00:00
16825.0,17725.0,16575.0,17400.0,26598000,0.0,0.0,2021-07-27 00:00:00
17400.0,18225.0,17375.0,18200.0,28685900,0.0,0.0,2021-07-28 00:00:00
18200.0,18500.0,17625.0,18375.0,23800800,0.0,0.0,2021-07-29 00:00:00
18400.0,19050.0,17400.0,17950.0,19249400,0.0,0.0,2021-07-30 00:00:00
18000.0,18000.0,17100.0,17425.0,17925000,0.0,0.0,2021-08-02 00:00:00
17425.0,17850.0,16700.0,16975.0,18776700,0.0,0.0,2021-08-03 00:00:00
16975.0,17100.0,16275.0,17000.0,19484300,0.0,0.0,2021-08-04 00:00:00
17000.0,17100.0,16300.0,16325.0,25209100,0.0,0.0,2021-08-05 00:00:00
16325.0,17175.0,16300.0,16800.0,21239000,0.0,0.0,2021-08-06 00:00:00
16900.0,17100.0,16000.0,16175.0,18920800,0.0,0.0,2021-08-09 00:00:00
16175.0,16450.0,15500.0,16000.0,20058000,0.0,0.0,2021-08-10 00:00:00
16000.0,16775.0,15400.0,16700.0,25169500,0.0,0.0,2021-08-12 00:00:00
16750.0,16875.0,16125.0,16225.0,17193600,0.0,0.0,2021-08-13 00:00:00
16225.0,16400.0,15500.0,15750.0,17580800,0.0,0.0,2021-08-16 00:00:00
15750.0,16900.0,15550.0,16800.0,53015700,0.0,0.0,2021-08-18 00:00:00
16800.0,16900.0,15850.0,16000.0,16060800,0.0,0.0,2021-08-19 00:00:00
16000.0,16125.0,15650.0,16000.0,20012400,0.0,0.0,2021-08-20 00:00:00
16100.0,16550.0,15900.0,16475.0,18048800,0.0,0.0,2021-08-23 00:00:00
16475.0,16500.0,16175.0,16200.0,11844400,0.0,0.0,2021-08-24 00:00:00
16200.0,16675.0,16175.0,16500.0,20048900,0.0,0.0,2021-08-25 00:00:00
16500.0,16550.0,15700.0,15825.0,12954100,0.0,0.0,2021-08-26 00:00:00
15825.0,15925.0,15500.0,15525.0,13860500,0.0,0.0,2021-08-27 00:00:00
15825.0,16025.0,15500.0,15725.0,19513400,0.0,0.0,2021-08-30 00:00:00
15725.0,15800.0,15050.0,15175.0,17250700,0.0,0.0,2021-08-31 00:00:00
15150.0,15425.0,14450.0,14500.0,18838700,0.0,0.0,2021-09-01 00:00:00
14500.0,14600.0,13750.0,14050.0,24246500,0.0,0.0,2021-09-02 00:00:00
14100.0,14775.0,13500.0,14650.0,38612600,0.0,0.0,2021-09-03 00:00:00
14750.0,14875.0,14050.0,14425.0,20351900,0.0,0.0,2021-09-06 00:00:00
14425.0,14500.0,14125.0,14200.0,15093500,0.0,0.0,2021-09-07 00:00:00
14200.0,14275.0,13650.0,13975.0,30468400,0.0,0.0,2021-09-08 00:00:00
13975.0,14325.0,13675.0,14000.0,25857100,0.0,0.0,2021-09-09 00:00:00
14000.0,14875.0,14000.0,14825.0,31327700,0.0,0.0,2021-09-10 00:00:00
14825.0,15025.0,14350.0,14925.0,24247600,0.0,0.0,2021-09-13 00:00:00
15000.0,15175.0,14600.0,14950.0,23266700,0.0,0.0,2021-09-14 00:00:00
14950.0,14950.0,14600.0,14700.0,13392100,0.0,0.0,2021-09-15 00:00:00
14700.0,14975.0,14375.0,14800.0,24316100,0.0,0.0,2021-09-16 00:00:00
14800.0,16100.0,14625.0,15850.0,53906100,0.0,0.0,2021-09-17 00:00:00
15750.0,16600.0,15750.0,16175.0,29115500,0.0,0.0,2021-09-20 00:00:00
16000.0,16000.0,15375.0,15700.0,17829300,0.0,0.0,2021-09-21 00:00:00
15850.0,16550.0,15850.0,16300.0,41239300,0.0,0.0,2021-09-22 00:00:00
16300.0,16800.0,16200.0,16675.0,39647900,0.0,0.0,2021-09-23 00:00:00
16675.0,16700.0,15850.0,15950.0,30631800,0.0,0.0,2021-09-24 00:00:00
15950.0,16400.0,15800.0,15900.0,19340200,0.0,0.0,2021-09-27 00:00:00
15900.0,16000.0,14925.0,15100.0,13745400,0.0,0.0,2021-09-28 00:00:00
15000.0,15425.0,14800.0,14950.0,8557400,0.0,0.0,2021-09-29 00:00:00
14975.0,15200.0,14900.0,15100.0,6544800,0.0,0.0,2021-09-30 00:00:00
15100.0,15175.0,14350.0,15075.0,10009700,0.0,0.0,2021-10-01 00:00:00
15075.0,15475.0,14400.0,14500.0,13945100,0.0,0.0,2021-10-04 00:00:00
14500.0,14750.0,13650.0,13825.0,20418000,0.0,0.0,2021-10-05 00:00:00
13825.0,14250.0,13425.0,13600.0,23720200,0.0,0.0,2021-10-06 00:00:00
13600.0,14000.0,13000.0,13125.0,16374300,0.0,0.0,2021-10-07 00:00:00
13200.0,13450.0,12550.0,12925.0,24512100,0.0,0.0,2021-10-08 00:00:00
12925.0,12925.0,12100.0,12350.0,30761000,0.0,0.0,2021-10-11 00:00:00
12350.0,13000.0,12300.0,12700.0,43069800,0.0,0.0,2021-10-12 00:00:00
12700.0,12725.0,12100.0,12250.0,24931700,0.0,0.0,2021-10-13 00:00:00
12250.0,12750.0,11800.0,12375.0,37990300,0.0,0.0,2021-10-14 00:00:00
12375.0,13200.0,12100.0,13125.0,42019800,0.0,0.0,2021-10-15 00:00:00
13125.0,13575.0,12750.0,13425.0,23565800,0.0,0.0,2021-10-18 00:00:00
13300.0,13900.0,13100.0,13825.0,29051000,0.0,0.0,2021-10-19 00:00:00
13850.0,14750.0,13625.0,14750.0,31045000,0.0,0.0,2021-10-21 00:00:00
14850.0,15150.0,14500.0,14900.0,49227200,0.0,0.0,2021-10-22 00:00:00
14900.0,15200.0,14850.0,14925.0,19603900,0.0,0.0,2021-10-25 00:00:00
14900.0,15450.0,14900.0,15175.0,38421200,0.0,0.0,2021-10-26 00:00:00
15200.0,15375.0,14825.0,14825.0,12337100,0.0,0.0,2021-10-27 00:00:00
14825.0,15000.0,14500.0,14850.0,26393900,0.0,0.0,2021-10-28 00:00:00
14850.0,15625.0,14850.0,15500.0,40556400,0.0,0.0,2021-10-29 00:00:00
15500.0,15600.0,15000.0,15000.0,13222100,0.0,0.0,2021-11-01 00:00:00
15000.0,15350.0,14950.0,15300.0,30852000,0.0,0.0,2021-11-02 00:00:00
15300.0,15475.0,15250.0,15400.0,20798300,0.0,0.0,2021-11-03 00:00:00
15450.0,15475.0,15000.0,15200.0,17243400,0.0,0.0,2021-11-04 00:00:00
15200.0,15475.0,15150.0,15175.0,16423000,0.0,0.0,2021-11-05 00:00:00
15200.0,16200.0,15150.0,16025.0,47249200,0.0,0.0,2021-11-08 00:00:00
16025.0,16825.0,15825.0,16725.0,52503700,0.0,0.0,2021-11-09 00:00:00
16700.0,16975.0,16225.0,16425.0,20583500,0.0,0.0,2021-11-10 00:00:00
16400.0,16450.0,15600.0,16275.0,26032900,0.0,0.0,2021-11-11 00:00:00
16275.0,16275.0,15250.0,15500.0,33601500,0.0,0.0,2021-11-12 00:00:00
15700.0,15800.0,15050.0,15625.0,30984600,0.0,0.0,2021-11-15 00:00:00
15625.0,15875.0,15200.0,15825.0,38489300,0.0,0.0,2021-11-16 00:00:00
15825.0,15875.0,15700.0,15800.0,19203700,0.0,0.0,2021-11-17 00:00:00
15800.0,15800.0,15300.0,15450.0,28210500,0.0,0.0,2021-11-18 00:00:00
15450.0,15775.0,15200.0,15500.0,25591600,0.0,0.0,2021-11-19 00:00:00
15500.0,15675.0,15275.0,15500.0,21151400,0.0,0.0,2021-11-22 00:00:00
15500.0,15500.0,14700.0,14700.0,18673500,0.0,0.0,2021-11-23 00:00:00
14700.0,15500.0,14325.0,15200.0,38573200,0.0,0.0,2021-11-24 00:00:00
15450.0,15725.0,15200.0,15200.0,33567500,0.0,0.0,2021-11-25 00:00:00
15225.0,15475.0,14550.0,14750.0,21172600,0.0,0.0,2021-11-26 00:00:00
14550.0,15450.0,14500.0,15375.0,30523700,0.0,0.0,2021-11-29 00:00:00
15375.0,16125.0,15325.0,15825.0,28392600,0.0,0.0,2021-11-30 00:00:00
15825.0,15850.0,15025.0,15550.0,20305900,0.0,0.0,2021-12-01 00:00:00
15525.0,15575.0,15000.0,15450.0,17967900,0.0,0.0,2021-12-02 00:00:00
15425.0,16000.0,15200.0,15250.0,19171000,0.0,0.0,2021-12-03 00:00:00
15200.0,15875.0,15100.0,15400.0,22034400,0.0,0.0,2021-12-06 00:00:00
15450.0,15600.0,15075.0,15100.0,22444500,0.0,0.0,2021-12-07 00:00:00
15100.0,15600.0,15100.0,15575.0,25051200,0.0,0.0,2021-12-08 00:00:00
15700.0,15975.0,15500.0,15725.0,25714400,0.0,0.0,2021-12-09 00:00:00
15725.0,16000.0,15625.0,15950.0,21840100,0.0,0.0,2021-12-10 00:00:00
16000.0,16000.0,15550.0,15775.0,21613800,0.0,0.0,2021-12-13 00:00:00
15800.0,15800.0,15300.0,15350.0,15279000,0.0,0.0,2021-12-14 00:00:00
15400.0,16200.0,15350.0,15625.0,32746400,0.0,0.0,2021-12-15 00:00:00
15725.0,16175.0,15350.0,16175.0,28939300,0.0,0.0,2021-12-16 00:00:00
16175.0,16500.0,15800.0,15900.0,30740700,0.0,0.0,2021-12-17 00:00:00
16000.0,16125.0,15525.0,15775.0,25065300,0.0,0.0,2021-12-20 00:00:00
15700.0,15800.0,15550.0,15775.0,17748000,0.0,0.0,2021-12-21 00:00:00
15800.0,16625.0,15775.0,16475.0,45325200,0.0,0.0,2021-12-22 00:00:00
16500.0,17775.0,16500.0,17650.0,56203700,0.0,0.0,2021-12-23 00:00:00
17500.0,17875.0,17125.0,17250.0,21820200,0.0,0.0,2021-12-24 00:00:00
17250.0,17500.0,16800.0,16825.0,17444900,0.0,0.0,2021-12-27 00:00:00
16825.0,17275.0,16725.0,17125.0,28623200,0.0,0.0,2021-12-28 00:00:00
17200.0,17325.0,16850.0,17125.0,19443100,0.0,0.0,2021-12-29 00:00:00
17125.0,17250.0,16000.0,16000.0,30775900,0.0,0.0,2021-12-30 00:00:00
16000.0,17550.0,15975.0,17325.0,42672000,0.0,0.0,2022-01-03 00:00:00
17375.0,17875.0,17325.0,17400.0,28631200,0.0,0.0,2022-01-04 00:00:00
17400.0,18000.0,17200.0,17775.0,37666600,0.0,0.0,2022-01-05 00:00:00
17700.0,18675.0,17125.0,18550.0,49061300,0.0,0.0,2022-01-06 00:00:00
18550.0,18850.0,18200.0,18800.0,45626700,0.0,0.0,2022-01-07 00:00:00
18800.0,19150.0,18650.0,18950.0,43034600,0.0,0.0,2022-01-10 00:00:00
18950.0,19000.0,18100.0,18325.0,26293400,0.0,0.0,2022-01-11 00:00:00
18325.0,18500.0,17825.0,17850.0,38275700,0.0,0.0,2022-01-12 00:00:00
17925.0,18075.0,16850.0,17375.0,29782200,0.0,0.0,2022-01-13 00:00:00
17400.0,18900.0,17000.0,18575.0,61999700,0.0,0.0,2022-01-14 00:00:00
18575.0,19000.0,18375.0,18650.0,46151900,0.0,0.0,2022-01-17 00:00:00
18650.0,19400.0,18275.0,18875.0,47642500,0.0,0.0,2022-01-18 00:00:00
18875.0,19050.0,18700.0,18975.0,54171900,0.0,0.0,2022-01-19 00:00:00
19100.0,19500.0,18600.0,18650.0,60229900,0.0,0.0,2022-01-20 00:00:00
18600.0,19175.0,18200.0,19000.0,56571300,0.0,0.0,2022-01-21 00:00:00
19050.0,19475.0,18250.0,18350.0,49965000,0.0,0.0,2022-01-24 00:00:00
18400.0,18400.0,17075.0,17075.0,51032300,0.0,0.0,2022-01-25 00:00:00
17000.0,17000.0,15900.0,15900.0,66048000,0.0,0.0,2022-01-26 00:00:00
15600.0,16150.0,15000.0,15900.0,58755900,0.0,0.0,2022-01-27 00:00:00
16000.0,16475.0,15725.0,16075.0,45018600,0.0,0.0,2022-01-28 00:00:00
16200.0,16400.0,16050.0,16400.0,31025800,0.0,0.0,2022-01-31 00:00:00
16500.0,17300.0,16425.0,17300.0,52685300,0.0,0.0,2022-02-02 00:00:00
17300.0,17350.0,16425.0,16600.0,28600000,0.0,0.0,2022-02-03 00:00:00
16550.0,16875.0,16300.0,16700.0,21052900,0.0,0.0,2022-02-04 00:00:00
16700.0,17400.0,16175.0,16500.0,36466500,0.0,0.0,2022-02-07 00:00:00
16500.0,16700.0,15800.0,16475.0,22018300,0.0,0.0,2022-02-08 00:00:00
16400.0,16875.0,16025.0,16150.0,22895900,0.0,0.0,2022-02-09 00:00:00
16300.0,16500.0,15025.0,15100.0,59655200,0.0,0.0,2022-02-10 00:00:00
15100.0,15400.0,14225.0,14950.0,47930500,0.0,0.0,2022-02-11 00:00:00
14900.0,14950.0,13975.0,14150.0,47478700,0.0,0.0,2022-02-14 00:00:00
14150.0,14750.0,13750.0,14425.0,62535100,0.0,0.0,2022-02-15 00:00:00
14600.0,15250.0,14550.0,15075.0,45359900,0.0,0.0,2022-02-16 00:00:00
15075.0,15350.0,14800.0,15200.0,41933500,0.0,0.0,2022-02-17 00:00:00
15275.0,15675.0,15100.0,15450.0,44299200,0.0,0.0,2022-02-18 00:00:00
15675.0,16125.0,15450.0,16000.0,44154900,0.0,0.0,2022-02-21 00:00:00
16025.0,16525.0,15975.0,16175.0,49866500,0.0,0.0,2022-02-22 00:00:00
16175.0,16425.0,15800.0,15950.0,37748800,0.0,0.0,2022-02-23 00:00:00
15900.0,16150.0,15050.0,15275.0,51464800,0.0,0.0,2022-02-24 00:00:00
15275.0,16300.0,15200.0,16175.0,314138700,0.0,0.0,2022-02-25 00:00:00
16125.0,16900.0,15925.0,16500.0,53067400,0.0,0.0,2022-03-01 00:00:00
16400.0,16500.0,15450.0,15750.0,32623200,0.0,0.0,2022-03-02 00:00:00
15750.0,16100.0,15600.0,15775.0,21031700,0.0,0.0,2022-03-04 00:00:00
15925.0,15925.0,15175.0,15775.0,21625400,0.0,0.0,2022-03-07 00:00:00
15575.0,15775.0,15000.0,15000.0,21642700,0.0,0.0,2022-03-08 00:00:00
14950.0,15450.0,14800.0,14950.0,17230000,0.0,0.0,2022-03-09 00:00:00
15200.0,15850.0,15200.0,15775.0,31054900,0.0,0.0,2022-03-10 00:00:00
15700.0,15775.0,15250.0,15600.0,17719200,0.0,0.0,2022-03-11 00:00:00
15600.0,15600.0,15275.0,15400.0,19393400,0.0,0.0,2022-03-14 00:00:00
15400.0,15500.0,14400.0,15000.0,37775700,0.0,0.0,2022-03-15 00:00:00
15000.0,15700.0,15000.0,15650.0,29433600,0.0,0.0,2022-03-16 00:00:00
15700.0,15825.0,15450.0,15550.0,15102000,0.0,0.0,2022-03-17 00:00:00
15375.0,15650.0,15125.0,15525.0,20148300,0.0,0.0,2022-03-18 00:00:00
15525.0,15600.0,15125.0,15525.0,17585300,0.0,0.0,2022-03-21 00:00:00
15525.0,15650.0,14950.0,15075.0,18724900,0.0,0.0,2022-03-22 00:00:00
15075.0,15225.0,14500.0,14500.0,27813000,0.0,0.0,2022-03-23 00:00:00
14500.0,14875.0,14425.0,14825.0,20189500,0.0,0.0,2022-03-24 00:00:00
14825.0,14900.0,14300.0,14350.0,15068500,0.0,0.0,2022-03-25 00:00:00
14350.0,14550.0,14200.0,14275.0,14084800,0.0,0.0,2022-03-28 00:00:00
14275.0,14350.0,13950.0,13975.0,15641400,0.0,0.0,2022-03-29 00:00:00
14100.0,14600.0,13975.0,14450.0,18736300,0.0,0.0,2022-03-30 00:00:00
14700.0,14725.0,14200.0,14650.0,16795700,0.0,0.0,2022-03-31 00:00:00
14625.0,14650.0,13950.0,14025.0,18553700,0.0,0.0,2022-04-01 00:00:00
14200.0,14200.0,13700.0,13800.0,13284700,0.0,0.0,2022-04-04 00:00:00
13875.0,14000.0,13275.0,13300.0,15144600,0.0,0.0,2022-04-05 00:00:00
13250.0,13600.0,12800.0,12950.0,20777600,0.0,0.0,2022-04-06 00:00:00
12950.0,13975.0,12825.0,13550.0,29664700,0.0,0.0,2022-04-07 00:00:00
13700.0,13950.0,13225.0,13750.0,21525900,0.0,0.0,2022-04-08 00:00:00
13850.0,13850.0,13050.0,13050.0,8726400,0.0,0.0,2022-04-11 00:00:00
13050.0,13325.0,13000.0,13300.0,18586400,0.0,0.0,2022-04-12 00:00:00
13300.0,13300.0,12900.0,13000.0,13946700,0.0,0.0,2022-04-13 00:00:00
13050.0,13050.0,12800.0,13000.0,13170700,0.0,0.0,2022-04-14 00:00:00
13000.0,13100.0,12800.0,12825.0,7223700,0.0,0.0,2022-04-18 00:00:00
12825.0,12950.0,12550.0,12575.0,9511400,0.0,0.0,2022-04-19 00:00:00
12625.0,12700.0,12100.0,12400.0,14003800,0.0,0.0,2022-04-20 00:00:00
12400.0,12900.0,12250.0,12425.0,13165400,0.0,0.0,2022-04-21 00:00:00
12375.0,13200.0,12200.0,12400.0,18745700,0.0,0.0,2022-04-22 00:00:00
12400.0,12550.0,12100.0,12275.0,5458600,0.0,0.0,2022-04-25 00:00:00
12275.0,12500.0,12000.0,12400.0,12514900,0.0,0.0,2022-04-26 00:00:00
12225.0,12400.0,11750.0,11850.0,13700400,0.0,0.0,2022-04-27 00:00:00
11900.0,11975.0,11350.0,11650.0,23937600,0.0,0.0,2022-04-28 00:00:00
11425.0,11550.0,10850.0,10850.0,8127000,0.0,0.0,2022-05-09 00:00:00
10600.0,10600.0,10100.0,10100.0,9336000,0.0,0.0,2022-05-10 00:00:00
9900.0,9900.0,9400.0,9400.0,6245200,0.0,0.0,2022-05-11 00:00:00
9000.0,9000.0,8750.0,8750.0,2596600,0.0,0.0,2022-05-12 00:00:00
8500.0,8500.0,8150.0,8150.0,2806800,0.0,0.0,2022-05-13 00:00:00
8000.0,8000.0,7600.0,7600.0,6051800,0.0,0.0,2022-05-17 00:00:00
7125.0,7800.0,7075.0,7075.0,92767500,0.0,0.0,2022-05-18 00:00:00
7050.0,8475.0,6600.0,8475.0,128794800,0.0,0.0,2022-05-19 00:00:00
8550.0,8900.0,7925.0,8375.0,54270700,0.0,0.0,2022-05-20 00:00:00
8375.0,8650.0,7800.0,7800.0,24696500,0.0,0.0,2022-05-23 00:00:00
7850.0,8250.0,7525.0,7900.0,28559700,0.0,0.0,2022-05-24 00:00:00
7850.0,7950.0,7425.0,7675.0,21427300,0.0,0.0,2022-05-25 00:00:00
7700.0,8775.0,7700.0,8775.0,37967500,0.0,0.0,2022-05-27 00:00:00
9000.0,9175.0,8500.0,9125.0,39814200,0.0,0.0,2022-05-30 00:00:00
9150.0,9375.0,8725.0,9375.0,46326700,0.0,0.0,2022-05-31 00:00:00
9300.0,9300.0,8900.0,8950.0,16810300,0.0,0.0,2022-06-02 00:00:00
9050.0,9275.0,9000.0,9000.0,11779300,0.0,0.0,2022-06-03 00:00:00
8900.0,9075.0,8375.0,8500.0,19772300,0.0,0.0,2022-06-06 00:00:00
8500.0,8775.0,8200.0,8200.0,18914600,0.0,0.0,2022-06-07 00:00:00
8300.0,9000.0,8200.0,8525.0,31724700,0.0,0.0,2022-06-08 00:00:00
8550.0,9000.0,8550.0,8900.0,17259400,0.0,0.0,2022-06-09 00:00:00
8800.0,8900.0,8425.0,8700.0,21245500,0.0,0.0,2022-06-10 00:00:00
8475.0,8625.0,8100.0,8450.0,25016200,0.0,0.0,2022-06-13 00:00:00
8500.0,9150.0,8300.0,9100.0,17355200,0.0,0.0,2022-06-14 00:00:00
9100.0,9450.0,8925.0,9100.0,24569400,0.0,0.0,2022-06-15 00:00:00
9250.0,9925.0,9100.0,9825.0,29540200,0.0,0.0,2022-06-16 00:00:00
9800.0,9800.0,9150.0,9500.0,22439800,0.0,0.0,2022-06-17 00:00:00
9450.0,9625.0,9025.0,9600.0,17894500,0.0,0.0,2022-06-20 00:00:00
9600.0,9725.0,9350.0,9450.0,26042500,0.0,0.0,2022-06-21 00:00:00
9550.0,9600.0,9000.0,9250.0,33793700,0.0,0.0,2022-06-22 00:00:00
9300.0,9300.0,8900.0,9025.0,16506900,0.0,0.0,2022-06-23 00:00:00
9050.0,9225.0,8950.0,9000.0,18508500,0.0,0.0,2022-06-24 00:00:00
9075.0,9525.0,9025.0,9200.0,22127800,0.0,0.0,2022-06-27 00:00:00
9200.0,9400.0,8975.0,9325.0,14940300,0.0,0.0,2022-06-28 00:00:00
9250.0,9550.0,9175.0,9400.0,17302600,0.0,0.0,2022-06-29 00:00:00
9400.0,9575.0,8975.0,9150.0,16558700,0.0,0.0,2022-06-30 00:00:00
9100.0,9200.0,8525.0,8525.0,15366000,0.0,0.0,2022-07-01 00:00:00
8500.0,8500.0,7950.0,7950.0,9012500,0.0,0.0,2022-07-04 00:00:00
7900.0,8150.0,7525.0,7525.0,15651900,0.0,0.0,2022-07-05 00:00:00
7625.0,8025.0,7425.0,7800.0,17179400,0.0,0.0,2022-07-06 00:00:00
7800.0,8650.0,7800.0,8525.0,21123400,0.0,0.0,2022-07-07 00:00:00
8550.0,9200.0,8550.0,9150.0,19308700,0.0,0.0,2022-07-08 00:00:00
9150.0,9350.0,9025.0,9200.0,13711000,0.0,0.0,2022-07-11 00:00:00
9200.0,9200.0,8725.0,8725.0,9318500,0.0,0.0,2022-07-12 00:00:00
8725.0,9350.0,8700.0,9200.0,25105700,0.0,0.0,2022-07-13 00:00:00
9200.0,9475.0,8675.0,8675.0,20032000,0.0,0.0,2022-07-14 00:00:00
8700.0,9375.0,8600.0,9075.0,20328800,0.0,0.0,2022-07-15 00:00:00
9125.0,9800.0,9100.0,9550.0,25255000,0.0,0.0,2022-07-18 00:00:00
9550.0,9750.0,9475.0,9700.0,14283700,0.0,0.0,2022-07-19 00:00:00
9750.0,10000.0,9525.0,9975.0,28051000,0.0,0.0,2022-07-20 00:00:00
9975.0,10075.0,9550.0,9650.0,23118500,0.0,0.0,2022-07-21 00:00:00
9700.0,9800.0,9550.0,9675.0,15801800,0.0,0.0,2022-07-22 00:00:00
9675.0,9850.0,9625.0,9800.0,12072500,0.0,0.0,2022-07-25 00:00:00
9900.0,10725.0,9825.0,10400.0,32095400,0.0,0.0,2022-07-26 00:00:00
10500.0,10500.0,9875.0,9900.0,23476300,0.0,0.0,2022-07-27 00:00:00
10150.0,10900.0,9950.0,10875.0,29759800,0.0,0.0,2022-07-28 00:00:00
10875.0,11050.0,10575.0,10575.0,35402100,0.0,0.0,2022-07-29 00:00:00
10600.0,10975.0,10600.0,10700.0,28424400,0.0,0.0,2022-08-01 00:00:00
10600.0,10950.0,10475.0,10625.0,26037500,0.0,0.0,2022-08-02 00:00:00
10625.0,11000.0,10625.0,11000.0,13274400,0.0,0.0,2022-08-03 00:00:00
11075.0,11100.0,10900.0,11000.0,8067700,0.0,0.0,2022-08-04 00:00:00
11000.0,11000.0,10950.0,10975.0,7369000,0.0,0.0,2022-08-05 00:00:00
11000.0,11025.0,10700.0,10800.0,7453000,0.0,0.0,2022-08-08 00:00:00
10800.0,11000.0,10800.0,10825.0,6699100,0.0,0.0,2022-08-09 00:00:00
10900.0,10975.0,10650.0,10975.0,7061100,0.0,0.0,2022-08-10 00:00:00
11000.0,11100.0,10775.0,10775.0,10313600,0.0,0.0,2022-08-11 00:00:00
10775.0,10900.0,10100.0,10200.0,12294300,0.0,0.0,2022-08-12 00:00:00
10225.0,10400.0,9950.0,9975.0,8605900,0.0,0.0,2022-08-15 00:00:00
10000.0,10125.0,9600.0,9725.0,9426700,0.0,0.0,2022-08-16 00:00:00
9725.0,9725.0,9325.0,9475.0,10812200,0.0,0.0,2022-08-18 00:00:00
9475.0,9700.0,9450.0,9550.0,7439400,0.0,0.0,2022-08-19 00:00:00
9550.0,9600.0,9075.0,9075.0,9815400,0.0,0.0,2022-08-22 00:00:00
9075.0,9175.0,8925.0,9000.0,9971500,0.0,0.0,2022-08-23 00:00:00
9000.0,9075.0,8700.0,8800.0,11781600,0.0,0.0,2022-08-24 00:00:00
8850.0,8925.0,8625.0,8700.0,7983200,0.0,0.0,2022-08-25 00:00:00
8750.0,8925.0,8525.0,8775.0,13221100,0.0,0.0,2022-08-26 00:00:00
8600.0,8600.0,8200.0,8225.0,14275400,0.0,0.0,2022-08-29 00:00:00
8225.0,8375.0,8050.0,8175.0,12799400,0.0,0.0,2022-08-30 00:00:00
8175.0,8450.0,8100.0,8425.0,10436700,0.0,0.0,2022-08-31 00:00:00
8425.0,8575.0,8250.0,8250.0,4603400,0.0,0.0,2022-09-01 00:00:00
8250.0,8400.0,8250.0,8300.0,4325100,0.0,0.0,2022-09-02 00:00:00
8300.0,8325.0,8100.0,8175.0,3978400,0.0,0.0,2022-09-05 00:00:00
8200.0,8275.0,8175.0,8175.0,3444800,0.0,0.0,2022-09-06 00:00:00
8200.0,8250.0,7800.0,7825.0,10245200,0.0,0.0,2022-09-07 00:00:00
7950.0,8100.0,7850.0,7900.0,8050400,0.0,0.0,2022-09-08 00:00:00
7975.0,8000.0,7800.0,7825.0,4545900,0.0,0.0,2022-09-09 00:00:00
7850.0,7950.0,7650.0,7675.0,10001900,0.0,0.0,2022-09-12 00:00:00
7750.0,8300.0,7725.0,8050.0,21741000,0.0,0.0,2022-09-13 00:00:00
7950.0,7950.0,7650.0,7675.0,19684000,0.0,0.0,2022-09-14 00:00:00
7725.0,7900.0,7600.0,7600.0,15048700,0.0,0.0,2022-09-15 00:00:00
7600.0,7700.0,7200.0,7250.0,21421200,0.0,0.0,2022-09-16 00:00:00
7250.0,7600.0,7175.0,7475.0,12033000,0.0,0.0,2022-09-19 00:00:00
7500.0,7550.0,7350.0,7375.0,7325500,0.0,0.0,2022-09-20 00:00:00
7400.0,7600.0,7250.0,7550.0,7401200,0.0,0.0,2022-09-21 00:00:00
7525.0,7525.0,7200.0,7425.0,11158400,0.0,0.0,2022-09-22 00:00:00
7425.0,7450.0,7200.0,7225.0,10738500,0.0,0.0,2022-09-23 00:00:00
7225.0,7375.0,7150.0,7175.0,8956800,0.0,0.0,2022-09-26 00:00:00
7200.0,7225.0,6850.0,7000.0,13546200,0.0,0.0,2022-09-27 00:00:00
7000.0,7375.0,6900.0,7000.0,15680400,0.0,0.0,2022-09-28 00:00:00
7100.0,7200.0,6700.0,6700.0,10003200,0.0,0.0,2022-09-29 00:00:00
6700.0,6775.0,6450.0,6600.0,10348200,0.0,0.0,2022-09-30 00:00:00
6600.0,6825.0,6475.0,6500.0,8390800,0.0,0.0,2022-10-03 00:00:00
6775.0,6875.0,6500.0,6675.0,7987500,0.0,0.0,2022-10-04 00:00:00
6725.0,6850.0,6650.0,6825.0,6884000,0.0,0.0,2022-10-05 00:00:00
6850.0,6950.0,6750.0,6950.0,6024400,0.0,0.0,2022-10-06 00:00:00
6950.0,6950.0,6700.0,6775.0,6280600,0.0,0.0,2022-10-07 00:00:00
6750.0,6750.0,6500.0,6500.0,5502500,0.0,0.0,2022-10-10 00:00:00
6500.0,6525.0,6050.0,6075.0,21577100,0.0,0.0,2022-10-11 00:00:00
6050.0,6150.0,5675.0,5800.0,12869800,0.0,0.0,2022-10-12 00:00:00
5800.0,5825.0,5400.0,5400.0,11035800,0.0,0.0,2022-10-13 00:00:00
5325.0,5425.0,5025.0,5025.0,19802800,0.0,0.0,2022-10-14 00:00:00
4700.0,4860.0,4680.0,4680.0,17533900,0.0,0.0,2022-10-17 00:00:00
4560.0,4940.0,4380.0,4900.0,81081900,0.0,0.0,2022-10-18 00:00:00
4950.0,5750.0,4920.0,5525.0,70212400,0.0,0.0,2022-10-19 00:00:00
5600.0,5650.0,5325.0,5400.0,17446300,0.0,0.0,2022-10-20 00:00:00
5400.0,5900.0,5350.0,5425.0,26546800,0.0,0.0,2022-10-21 00:00:00
5500.0,5650.0,5375.0,5500.0,17770300,0.0,0.0,2022-10-24 00:00:00
5525.0,5800.0,5350.0,5500.0,20586900,0.0,0.0,2022-10-25 00:00:00
5525.0,5650.0,5125.0,5125.0,18692200,0.0,0.0,2022-10-26 00:00:00
5125.0,5225.0,4940.0,5000.0,11331000,0.0,0.0,2022-10-27 00:00:00
5000.0,5025.0,4810.0,4820.0,10493400,0.0,0.0,2022-10-28 00:00:00
4850.0,5200.0,4850.0,5100.0,14047700,0.0,0.0,2022-10-31 00:00:00
5100.0,5175.0,4800.0,4850.0,9596900,0.0,0.0,2022-11-01 00:00:00
4860.0,4930.0,4680.0,4820.0,10269100,0.0,0.0,2022-11-02 00:00:00
4790.0,4890.0,4720.0,4820.0,5284700,0.0,0.0,2022-11-03 00:00:00
4820.0,4840.0,4660.0,4720.0,7848600,0.0,0.0,2022-11-04 00:00:00
4720.0,5100.0,4660.0,5100.0,16384100,0.0,0.0,2022-11-07 00:00:00
5100.0,5125.0,4910.0,4940.0,5934600,0.0,0.0,2022-11-08 00:00:00
4940.0,4980.0,4810.0,4850.0,12851700,0.0,0.0,2022-11-09 00:00:00
4820.0,4900.0,4550.0,4550.0,13975400,0.0,0.0,2022-11-10 00:00:00
5000.0,5675.0,4970.0,5675.0,57344200,0.0,0.0,2022-11-11 00:00:00
5825.0,6075.0,5550.0,5725.0,31172800,0.0,0.0,2022-11-14 00:00:00
5725.0,6050.0,5550.0,5900.0,14183600,0.0,0.0,2022-11-15 00:00:00
6025.0,6300.0,5900.0,6250.0,27246100,0.0,0.0,2022-11-16 00:00:00
6250.0,6250.0,5975.0,6025.0,8237900,0.0,0.0,2022-11-17 00:00:00
6025.0,6150.0,5850.0,6125.0,8355100,0.0,0.0,2022-11-18 00:00:00
6125.0,6125.0,5700.0,5700.0,12456300,0.0,0.0,2022-11-21 00:00:00
5575.0,5675.0,5325.0,5325.0,12939300,0.0,0.0,2022-11-22 00:00:00
5225.0,5400.0,5025.0,5275.0,21625700,0.0,0.0,2022-11-23 00:00:00
5325.0,5475.0,5100.0,5175.0,10660400,0.0,0.0,2022-11-24 00:00:00
5175.0,5200.0,5025.0,5100.0,6183700,0.0,0.0,2022-11-25 00:00:00
5075.0,5200.0,4800.0,4820.0,12290800,0.0,0.0,2022-11-28 00:00:00
4810.0,4950.0,4670.0,4690.0,14837200,0.0,0.0,2022-11-29 00:00:00
4720.0,4780.0,4560.0,4590.0,38681700,0.0,0.0,2022-11-30 00:00:00
4720.0,4780.0,4490.0,4510.0,17213700,0.0,0.0,2022-12-01 00:00:00
4510.0,4510.0,4200.0,4200.0,22336900,0.0,0.0,2022-12-02 00:00:00
3930.0,4140.0,3910.0,3950.0,28368300,0.0,0.0,2022-12-05 00:00:00
3950.0,4110.0,3840.0,4050.0,15206500,0.0,0.0,2022-12-06 00:00:00
4060.0,4090.0,3900.0,3980.0,12982500,0.0,0.0,2022-12-07 00:00:00
3980.0,4010.0,3720.0,3790.0,19846000,0.0,0.0,2022-12-08 00:00:00
3820.0,3860.0,3530.0,3530.0,16735600,0.0,0.0,2022-12-09 00:00:00
3480.0,3490.0,3290.0,3300.0,18206100,0.0,0.0,2022-12-12 00:00:00
3300.0,4120.0,3300.0,4120.0,56505300,0.0,0.0,2022-12-13 00:00:00
4250.0,4400.0,4020.0,4060.0,28102400,0.0,0.0,2022-12-14 00:00:00
4020.0,4150.0,3860.0,4040.0,15005000,0.0,0.0,2022-12-15 00:00:00
3980.0,4060.0,3880.0,4060.0,15005000,0.0,0.0,2022-12-16 00:00:00
4040.0,4070.0,3790.0,3840.0,9573100,0.0,0.0,2022-12-19 00:00:00
3840.0,3840.0,3590.0,3630.0,15360200,0.0,0.0,2022-12-20 00:00:00
3630.0,3790.0,3630.0,3680.0,7634500,0.0,0.0,2022-12-21 00:00:00
3760.0,3770.0,3610.0,3680.0,4980700,0.0,0.0,2022-12-22 00:00:00
3670.0,3780.0,3630.0,3740.0,8854400,0.0,0.0,2022-12-23 00:00:00
3720.0,3750.0,3500.0,3510.0,7954500,0.0,0.0,2022-12-26 00:00:00
3510.0,3660.0,3510.0,3580.0,13795300,0.0,0.0,2022-12-27 00:00:00
3600.0,3600.0,3510.0,3520.0,7254800,0.0,0.0,2022-12-28 00:00:00
3520.0,3550.0,3400.0,3510.0,9680100,0.0,0.0,2022-12-29 00:00:00
3540.0,3850.0,3480.0,3720.0,30668500,0.0,0.0,2022-12-30 00:00:00
3750.0,3850.0,3610.0,3630.0,6302800,0.0,0.0,2023-01-02 00:00:00
3630.0,3710.0,3530.0,3540.0,8062000,0.0,0.0,2023-01-03 00:00:00
3570.0,3590.0,3460.0,3510.0,7443000,0.0,0.0,2023-01-04 00:00:00
3520.0,3540.0,3270.0,3270.0,18791500,0.0,0.0,2023-01-05 00:00:00
3200.0,3210.0,3050.0,3060.0,27403900,0.0,0.0,2023-01-06 00:00:00
3100.0,3170.0,2920.0,2980.0,13444500,0.0,0.0,2023-01-09 00:00:00
3000.0,3050.0,2880.0,2970.0,17239100,0.0,0.0,2023-01-10 00:00:00
2980.0,3010.0,2770.0,2780.0,18603200,0.0,0.0,2023-01-11 00:00:00
2800.0,3240.0,2800.0,3200.0,47957400,0.0,0.0,2023-01-12 00:00:00
3250.0,3290.0,3010.0,3050.0,24763500,0.0,0.0,2023-01-13 00:00:00
3080.0,3130.0,2860.0,3090.0,23449500,0.0,0.0,2023-01-16 00:00:00
3080.0,3170.0,3010.0,3050.0,21428000,0.0,0.0,2023-01-17 00:00:00
3060.0,3160.0,3030.0,3120.0,10158800,0.0,0.0,2023-01-18 00:00:00
3100.0,3270.0,3100.0,3210.0,13280400,0.0,0.0,2023-01-19 00:00:00
3220.0,3260.0,3180.0,3210.0,7143800,0.0,0.0,2023-01-20 00:00:00
3250.0,3390.0,3100.0,3190.0,20565700,0.0,0.0,2023-01-24 00:00:00
3200.0,3540.0,3150.0,3450.0,47957200,0.0,0.0,2023-01-25 00:00:00
3450.0,3660.0,3450.0,3580.0,24347700,0.0,0.0,2023-01-26 00:00:00
3600.0,3650.0,3330.0,3330.0,28652500,0.0,0.0,2023-01-27 00:00:00
3330.0,3370.0,3140.0,3220.0,16252900,0.0,0.0,2023-01-30 00:00:00
3240.0,3260.0,3150.0,3210.0,10074900,0.0,0.0,2023-01-31 00:00:00
3210.0,3280.0,3160.0,3190.0,14289700,0.0,0.0,2023-02-01 00:00:00
3240.0,3650.0,3240.0,3600.0,51419600,0.0,0.0,2023-02-02 00:00:00
3660.0,3790.0,3560.0,3640.0,29408700,0.0,0.0,2023-02-03 00:00:00
3600.0,3680.0,3510.0,3630.0,10301000,0.0,0.0,2023-02-06 00:00:00
3630.0,3730.0,3450.0,3470.0,25747700,0.0,0.0,2023-02-07 00:00:00
3500.0,3540.0,3420.0,3430.0,10703400,0.0,0.0,2023-02-08 00:00:00
3460.0,3470.0,3280.0,3300.0,20400000,0.0,0.0,2023-02-09 00:00:00
3070.0,3070.0,3070.0,3070.0,11315200,0.0,0.0,2023-02-10 00:00:00
2860.0,3030.0,2860.0,2870.0,58579500,0.0,0.0,2023-02-13 00:00:00
2910.0,2960.0,2780.0,2820.0,41644600,0.0,0.0,2023-02-14 00:00:00
2820.0,2920.0,2820.0,2870.0,26865800,0.0,0.0,2023-02-15 00:00:00
2900.0,3070.0,2830.0,3030.0,75244000,0.0,0.0,2023-02-16 00:00:00
3030.0,3080.0,2970.0,2980.0,24550400,0.0,0.0,2023-02-17 00:00:00
3000.0,3020.0,2920.0,2960.0,18899300,0.0,0.0,2023-02-20 00:00:00
2980.0,2990.0,2940.0,2960.0,10862800,0.0,0.0,2023-02-21 00:00:00
2910.0,2910.0,2760.0,2760.0,46867100,0.0,0.0,2023-02-22 00:00:00
2760.0,2790.0,2570.0,2600.0,50393700,0.0,0.0,2023-02-23 00:00:00
2600.0,2680.0,2520.0,2530.0,30454900,0.0,0.0,2023-02-24 00:00:00
2530.0,2530.0,2430.0,2470.0,50844500,0.0,0.0,2023-02-27 00:00:00
2440.0,2580.0,2440.0,2510.0,380263900,0.0,0.0,2023-02-28 00:00:00
2620.0,2830.0,2620.0,2690.0,142251100,0.0,0.0,2023-03-01 00:00:00
2710.0,2880.0,2660.0,2850.0,57942300,0.0,0.0,2023-03-02 00:00:00
2860.0,2900.0,2750.0,2750.0,43809000,0.0,0.0,2023-03-03 00:00:00
2780.0,2830.0,2740.0,2770.0,21953800,0.0,0.0,2023-03-06 00:00:00
2780.0,2800.0,2580.0,2600.0,52131300,0.0,0.0,2023-03-07 00:00:00
2590.0,2660.0,2520.0,2560.0,33946500,0.0,0.0,2023-03-08 00:00:00
2570.0,2760.0,2570.0,2710.0,34167100,0.0,0.0,2023-03-09 00:00:00
2680.0,2680.0,2540.0,2620.0,44075900,0.0,0.0,2023-03-10 00:00:00
2550.0,2630.0,2520.0,2560.0,24112100,0.0,0.0,2023-03-13 00:00:00
2540.0,2580.0,2390.0,2390.0,53632600,0.0,0.0,2023-03-14 00:00:00
2430.0,2470.0,2230.0,2260.0,33421400,0.0,0.0,2023-03-15 00:00:00
2220.0,2220.0,2110.0,2160.0,40577800,0.0,0.0,2023-03-16 00:00:00
2210.0,2270.0,2160.0,2240.0,36574900,0.0,0.0,2023-03-17 00:00:00
2240.0,2250.0,2120.0,2140.0,16768900,0.0,0.0,2023-03-20 00:00:00
2170.0,2370.0,2170.0,2350.0,51113400,0.0,0.0,2023-03-21 00:00:00
2370.0,2440.0,2350.0,2380.0,36096500,0.0,0.0,2023-03-24 00:00:00
2390.0,2400.0,2280.0,2280.0,27808900,0.0,0.0,2023-03-27 00:00:00
2300.0,2330.0,2160.0,2230.0,41810900,0.0,0.0,2023-03-28 00:00:00
2230.0,2520.0,2230.0,2430.0,82593100,0.0,0.0,2023-03-29 00:00:00
2460.0,2600.0,2420.0,2490.0,43083600,0.0,0.0,2023-03-30 00:00:00
2500.0,2540.0,2420.0,2420.0,18519400,0.0,0.0,2023-03-31 00:00:00
2470.0,2520.0,2410.0,2490.0,11368300,0.0,0.0,2023-04-03 00:00:00
2500.0,2510.0,2370.0,2390.0,16333200,0.0,0.0,2023-04-04 00:00:00
2390.0,2430.0,2350.0,2390.0,13992500,0.0,0.0,2023-04-05 00:00:00
2400.0,2400.0,2320.0,2330.0,14606300,0.0,0.0,2023-04-06 00:00:00
2330.0,2360.0,2230.0,2240.0,8928200,0.0,0.0,2023-04-10 00:00:00
2250.0,2370.0,2250.0,2350.0,15601000,0.0,0.0,2023-04-11 00:00:00
2350.0,2380.0,2280.0,2290.0,14364200,0.0,0.0,2023-04-12 00:00:00
2300.0,2340.0,2240.0,2240.0,6038000,0.0,0.0,2023-04-13 00:00:00
2280.0,2380.0,2200.0,2200.0,38855900,0.0,0.0,2023-04-14 00:00:00
2210.0,2230.0,2090.0,2140.0,16236400,0.0,0.0,2023-04-17 00:00:00
2150.0,2190.0,2060.0,2090.0,26240200,0.0,0.0,2023-04-18 00:00:00
2100.0,2110.0,1960.0,2000.0,40443700,0.0,0.0,2023-04-26 00:00:00
2000.0,2070.0,1965.0,1995.0,27546200,0.0,0.0,2023-04-27 00:00:00
2020.0,2140.0,1990.0,2070.0,33966100,0.0,0.0,2023-04-28 00:00:00
2080.0,2160.0,2070.0,2130.0,28998900,0.0,0.0,2023-05-02 00:00:00
2130.0,2210.0,2100.0,2170.0,31217200,0.0,0.0,2023-05-03 00:00:00
2180.0,2180.0,2110.0,2140.0,22934800,0.0,0.0,2023-05-04 00:00:00
2140.0,2250.0,2120.0,2180.0,26093300,0.0,0.0,2023-05-05 00:00:00
2260.0,2280.0,2200.0,2240.0,19762000,0.0,0.0,2023-05-08 00:00:00
2260.0,2380.0,2190.0,2310.0,35356700,0.0,0.0,2023-05-09 00:00:00
2310.0,2380.0,2290.0,2340.0,26722800,0.0,0.0,2023-05-10 00:00:00
2350.0,2530.0,2300.0,2320.0,31386200,0.0,0.0,2023-05-11 00:00:00
2350.0,2520.0,2330.0,2490.0,44771200,0.0,0.0,2023-05-12 00:00:00
2500.0,2530.0,2400.0,2450.0,23240400,0.0,0.0,2023-05-15 00:00:00
2450.0,2490.0,2380.0,2420.0,11497400,0.0,0.0,2023-05-16 00:00:00
2420.0,2440.0,2330.0,2380.0,11655100,0.0,0.0,2023-05-17 00:00:00
2410.0,2450.0,2390.0,2410.0,7455900,0.0,0.0,2023-05-19 00:00:00
2420.0,2560.0,2360.0,2530.0,23432400,0.0,0.0,2023-05-22 00:00:00
2530.0,2670.0,2530.0,2620.0,37159700,0.0,0.0,2023-05-23 00:00:00
2620.0,2620.0,2510.0,2550.0,19049100,0.0,0.0,2023-05-24 00:00:00
2550.0,2590.0,2480.0,2510.0,6355900,0.0,0.0,2023-05-25 00:00:00
2530.0,2570.0,2340.0,2340.0,22336000,0.0,0.0,2023-05-26 00:00:00
2330.0,2370.0,2240.0,2300.0,26139000,0.0,0.0,2023-05-29 00:00:00
2330.0,2450.0,2310.0,2420.0,20925000,0.0,0.0,2023-05-30 00:00:00
2430.0,2460.0,2310.0,2380.0,14717400,0.0,0.0,2023-05-31 00:00:00
2400.0,2580.0,2400.0,2500.0,27674500,0.0,0.0,2023-06-05 00:00:00
2520.0,2600.0,2470.0,2570.0,25139000,0.0,0.0,2023-06-06 00:00:00
2580.0,2700.0,2510.0,2630.0,43505700,0.0,0.0,2023-06-07 00:00:00
2620.0,2980.0,2600.0,2940.0,62637400,0.0,0.0,2023-06-08 00:00:00
3030.0,3190.0,3030.0,3190.0,68895800,0.0,0.0,2023-06-09 00:00:00
3190.0,3320.0,3080.0,3150.0,37557800,0.0,0.0,2023-06-12 00:00:00
3170.0,3250.0,3070.0,3080.0,23564600,0.0,0.0,2023-06-13 00:00:00
3100.0,3160.0,2980.0,3100.0,34666500,0.0,0.0,2023-06-14 00:00:00
3110.0,3140.0,2890.0,2920.0,25130300,0.0,0.0,2023-06-15 00:00:00
2930.0,3010.0,2920.0,2920.0,16136200,0.0,0.0,2023-06-16 00:00:00
2940.0,3040.0,2900.0,2980.0,21413000,0.0,0.0,2023-06-19 00:00:00
3000.0,3010.0,2860.0,2910.0,19214700,0.0,0.0,2023-06-20 00:00:00
2910.0,3230.0,2900.0,3220.0,40243800,0.0,0.0,2023-06-21 00:00:00
3220.0,3280.0,3150.0,3230.0,35281900,0.0,0.0,2023-06-22 00:00:00
3230.0,3250.0,3070.0,3070.0,18573400,0.0,0.0,2023-06-23 00:00:00
3080.0,3220.0,2980.0,3220.0,35927500,0.0,0.0,2023-06-26 00:00:00
3220.0,3330.0,3170.0,3180.0,29003700,0.0,0.0,2023-06-27 00:00:00
3190.0,3250.0,3160.0,3240.0,16774300,0.0,0.0,2023-07-03 00:00:00
3240.0,3490.0,3240.0,3460.0,31049500,0.0,0.0,2023-07-04 00:00:00
3480.0,3520.0,3330.0,3350.0,20909600,0.0,0.0,2023-07-05 00:00:00
3340.0,3400.0,3280.0,3300.0,17893300,0.0,0.0,2023-07-06 00:00:00
3290.0,3370.0,3220.0,3230.0,12966800,0.0,0.0,2023-07-07 00:00:00
3220.0,3310.0,3150.0,3150.0,22207900,0.0,0.0,2023-07-10 00:00:00
3150.0,3250.0,3150.0,3160.0,11306300,0.0,0.0,2023-07-11 00:00:00
3180.0,3250.0,3160.0,3160.0,15311200,0.0,0.0,2023-07-12 00:00:00
3220.0,3320.0,3170.0,3210.0,21911800,0.0,0.0,2023-07-13 00:00:00
3240.0,3250.0,3180.0,3200.0,6739400,0.0,0.0,2023-07-14 00:00:00
3210.0,3260.0,3190.0,3200.0,12160400,0.0,0.0,2023-07-17 00:00:00
3200.0,3220.0,3010.0,3020.0,25175000,0.0,0.0,2023-07-18 00:00:00
3040.0,3080.0,3010.0,3020.0,15984400,0.0,0.0,2023-07-20 00:00:00
3020.0,3050.0,3000.0,3040.0,12906900,0.0,0.0,2023-07-21 00:00:00
3050.0,3080.0,2920.0,2960.0,27010100,0.0,0.0,2023-07-24 00:00:00
2960.0,3030.0,2960.0,2990.0,17707400,0.0,0.0,2023-07-25 00:00:00
2990.0,3020.0,2950.0,2980.0,17579500,0.0,0.0,2023-07-26 00:00:00
2980.0,3080.0,2980.0,3010.0,18969200,0.0,0.0,2023-07-27 00:00:00
3010.0,3030.0,2930.0,3010.0,16339700,0.0,0.0,2023-07-28 00:00:00
3020.0,3030.0,2890.0,2910.0,21183100,0.0,0.0,2023-07-31 00:00:00
2970.0,3010.0,2870.0,2940.0,29842500,0.0,0.0,2023-08-01 00:00:00
2940.0,2950.0,2640.0,2650.0,41170500,0.0,0.0,2023-08-02 00:00:00
2650.0,2720.0,2590.0,2670.0,24689900,0.0,0.0,2023-08-03 00:00:00
2670.0,2690.0,2630.0,2650.0,14263600,0.0,0.0,2023-08-04 00:00:00
2650.0,2680.0,2580.0,2600.0,10591500,0.0,0.0,2023-08-07 00:00:00
2600.0,2760.0,2600.0,2730.0,19128400,0.0,0.0,2023-08-08 00:00:00
2740.0,2780.0,2550.0,2600.0,16092700,0.0,0.0,2023-08-09 00:00:00
2590.0,2630.0,2560.0,2560.0,11330800,0.0,0.0,2023-08-10 00:00:00
2560.0,2620.0,2560.0,2600.0,10279000,0.0,0.0,2023-08-11 00:00:00
2600.0,2640.0,2510.0,2620.0,17210900,0.0,0.0,2023-08-14 00:00:00
2650.0,2650.0,2570.0,2580.0,9834800,0.0,0.0,2023-08-15 00:00:00
2600.0,2720.0,2580.0,2640.0,18637500,0.0,0.0,2023-08-16 00:00:00
2640.0,2670.0,2590.0,2590.0,7223100,0.0,0.0,2023-08-18 00:00:00
2590.0,2610.0,2490.0,2510.0,12890900,0.0,0.0,2023-08-21 00:00:00
2530.0,2540.0,2480.0,2520.0,7854100,0.0,0.0,2023-08-22 00:00:00
2520.0,2550.0,2500.0,2500.0,6538800,0.0,0.0,2023-08-23 00:00:00
2500.0,2590.0,2500.0,2500.0,9349400,0.0,0.0,2023-08-24 00:00:00
2500.0,2530.0,2400.0,2420.0,10204200,0.0,0.0,2023-08-25 00:00:00
2450.0,2460.0,2410.0,2410.0,3320000,0.0,0.0,2023-08-28 00:00:00
2420.0,2480.0,2380.0,2390.0,11395400,0.0,0.0,2023-08-29 00:00:00
2400.0,2420.0,2280.0,2290.0,20063100,0.0,0.0,2023-08-30 00:00:00
2290.0,2360.0,2290.0,2330.0,14852500,0.0,0.0,2023-08-31 00:00:00
2330.0,2330.0,2280.0,2300.0,12327600,0.0,0.0,2023-09-01 00:00:00
2300.0,2320.0,2200.0,2220.0,14189400,0.0,0.0,2023-09-04 00:00:00
2220.0,2230.0,2160.0,2170.0,10498100,0.0,0.0,2023-09-05 00:00:00
2170.0,2220.0,2160.0,2170.0,8700000,0.0,0.0,2023-09-06 00:00:00
2180.0,2370.0,2180.0,2290.0,32346300,0.0,0.0,2023-09-07 00:00:00
2290.0,2350.0,2220.0,2300.0,14952300,0.0,0.0,2023-09-08 00:00:00
2320.0,2470.0,2300.0,2420.0,27758300,0.0,0.0,2023-09-11 00:00:00
2430.0,2460.0,2310.0,2340.0,15191800,0.0,0.0,2023-09-12 00:00:00
2340.0,2420.0,2310.0,2360.0,14272700,0.0,0.0,2023-09-13 00:00:00
2370.0,2400.0,2320.0,2330.0,12543000,0.0,0.0,2023-09-14 00:00:00
2350.0,2350.0,2250.0,2250.0,20892400,0.0,0.0,2023-09-15 00:00:00
2270.0,2280.0,2180.0,2220.0,17080400,0.0,0.0,2023-09-18 00:00:00
2210.0,2380.0,2200.0,2290.0,17152500,0.0,0.0,2023-09-19 00:00:00
2310.0,2370.0,2270.0,2270.0,16248900,0.0,0.0,2023-09-20 00:00:00
2270.0,2270.0,2200.0,2220.0,7827600,0.0,0.0,2023-09-21 00:00:00
2220.0,2260.0,2220.0,2230.0,3030700,0.0,0.0,2023-09-22 00:00:00
2230.0,2250.0,2200.0,2210.0,6167700,0.0,0.0,2023-09-25 00:00:00
2220.0,2270.0,2110.0,2120.0,16491400,0.0,0.0,2023-09-26 00:00:00
2120.0,2140.0,2000.0,2030.0,22757200,0.0,0.0,2023-09-27 00:00:00
2030.0,2080.0,2020.0,2020.0,7130900,0.0,0.0,2023-09-29 00:00:00
2040.0,2070.0,2010.0,2040.0,9524900,0.0,0.0,2023-10-02 00:00:00
2040.0,2070.0,2020.0,2040.0,6454700,0.0,0.0,2023-10-03 00:00:00
2040.0,2040.0,1975.0,2020.0,9829300,0.0,0.0,2023-10-04 00:00:00
2010.0,2060.0,2000.0,2010.0,5688300,0.0,0.0,2023-10-05 00:00:00
2010.0,2020.0,1985.0,1995.0,6218500,0.0,0.0,2023-10-06 00:00:00
2000.0,2020.0,1970.0,1985.0,6298500,0.0,0.0,2023-10-09 00:00:00
1990.0,1995.0,1925.0,1930.0,13301700,0.0,0.0,2023-10-10 00:00:00
1935.0,1975.0,1865.0,1870.0,20898400,0.0,0.0,2023-10-11 00:00:00
1870.0,1915.0,1725.0,1770.0,37923800,0.0,0.0,2023-10-12 00:00:00
1770.0,1780.0,1610.0,1620.0,57966900,0.0,0.0,2023-10-13 00:00:00
1615.0,1850.0,1530.0,1830.0,55584500,0.0,0.0,2023-10-16 00:00:00
1835.0,1960.0,1810.0,1840.0,33274300,0.0,0.0,2023-10-17 00:00:00
1850.0,1855.0,1720.0,1720.0,13534000,0.0,0.0,2023-10-18 00:00:00
1720.0,1820.0,1665.0,1700.0,15977600,0.0,0.0,2023-10-19 00:00:00
1690.0,1735.0,1655.0,1710.0,10287900,0.0,0.0,2023-10-20 00:00:00
1720.0,1745.0,1680.0,1695.0,5934700,0.0,0.0,2023-10-23 00:00:00
1710.0,1760.0,1695.0,1720.0,6872500,0.0,0.0,2023-10-24 00:00:00
1725.0,1765.0,1660.0,1660.0,10409700,0.0,0.0,2023-10-25 00:00:00
1665.0,1665.0,1585.0,1605.0,9521900,0.0,0.0,2023-10-26 00:00:00
1620.0,1650.0,1605.0,1610.0,4615700,0.0,0.0,2023-10-27 00:00:00
1610.0,1615.0,1560.0,1565.0,7540600,0.0,0.0,2023-10-30 00:00:00
1600.0,1620.0,1535.0,1575.0,7374000,0.0,0.0,2023-10-31 00:00:00
1585.0,1600.0,1535.0,1535.0,13091500,0.0,0.0,2023-11-01 00:00:00
1550.0,1670.0,1550.0,1610.0,23416800,0.0,0.0,2023-11-02 00:00:00
1645.0,1900.0,1615.0,1800.0,53186200,0.0,0.0,2023-11-03 00:00:00
1850.0,1975.0,1840.0,1945.0,50050500,0.0,0.0,2023-11-06 00:00:00
1965.0,2030.0,1905.0,1960.0,27119900,0.0,0.0,2023-11-07 00:00:00
1960.0,1980.0,1905.0,1910.0,11611000,0.0,0.0,2023-11-08 00:00:00
1915.0,2080.0,1915.0,2070.0,30221200,0.0,0.0,2023-11-09 00:00:00
2060.0,2120.0,1990.0,2060.0,30929700,0.0,0.0,2023-11-10 00:00:00
2060.0,2090.0,1935.0,1950.0,27045300,0.0,0.0,2023-11-13 00:00:00
1955.0,2070.0,1930.0,2050.0,19842400,0.0,0.0,2023-11-14 00:00:00
2130.0,2350.0,2130.0,2300.0,73838900,0.0,0.0,2023-11-15 00:00:00
2320.0,2400.0,2250.0,2300.0,40168000,0.0,0.0,2023-11-16 00:00:00
2300.0,2350.0,2260.0,2290.0,18291300,0.0,0.0,2023-11-17 00:00:00
2290.0,2380.0,2290.0,2340.0,19216000,0.0,0.0,2023-11-20 00:00:00
2380.0,2430.0,2300.0,2330.0,22272600,0.0,0.0,2023-11-21 00:00:00
2330.0,2370.0,2220.0,2290.0,15856400,0.0,0.0,2023-11-22 00:00:00
2320.0,2860.0,2310.0,2860.0,170260900,0.0,0.0,2023-11-23 00:00:00
2860.0,3310.0,2820.0,3090.0,168758600,0.0,0.0,2023-11-24 00:00:00
3150.0,3330.0,3100.0,3120.0,95674200,0.0,0.0,2023-11-27 00:00:00
3120.0,3230.0,3010.0,3050.0,46204100,0.0,0.0,2023-11-28 00:00:00
3050.0,3260.0,3040.0,3200.0,64412900,0.0,0.0,2023-11-29 00:00:00
3260.0,3310.0,3150.0,3200.0,128881400,0.0,0.0,2023-11-30 00:00:00
3150.0,3500.0,3020.0,3490.0,85697500,0.0,0.0,2023-12-01 00:00:00
3490.0,3550.0,3040.0,3090.0,67931900,0.0,0.0,2023-12-04 00:00:00
3080.0,3290.0,3040.0,3180.0,56900400,0.0,0.0,2023-12-05 00:00:00
3210.0,3250.0,3010.0,3030.0,32061500,0.0,0.0,2023-12-06 00:00:00
3050.0,3130.0,2820.0,3000.0,74647600,0.0,0.0,2023-12-07 00:00:00
3040.0,3220.0,2960.0,3180.0,40221100,0.0,0.0,2023-12-08 00:00:00
3250.0,3430.0,3070.0,3110.0,64395800,0.0,0.0,2023-12-11 00:00:00
3130.0,3860.0,3130.0,3600.0,138768800,0.0,0.0,2023-12-12 00:00:00
3550.0,3640.0,3140.0,3200.0,86325500,0.0,0.0,2023-12-13 00:00:00
3500.0,3500.0,3250.0,3300.0,89153500,0.0,0.0,2023-12-14 00:00:00
3310.0,3360.0,3150.0,3210.0,32270700,0.0,0.0,2023-12-15 00:00:00
3210.0,3210.0,2850.0,2950.0,56602100,0.0,0.0,2023-12-18 00:00:00
2910.0,3080.0,2910.0,3010.0,28597100,0.0,0.0,2023-12-19 00:00:00
3040.0,3070.0,2960.0,2970.0,16038200,0.0,0.0,2023-12-20 00:00:00
2950.0,3000.0,2900.0,2970.0,11397400,0.0,0.0,2023-12-21 00:00:00
2970.0,3080.0,2920.0,2930.0,14809300,0.0,0.0,2023-12-22 00:00:00
2960.0,3010.0,2940.0,2970.0,7535000,0.0,0.0,2023-12-27 00:00:00
2990.0,3010.0,2920.0,2940.0,7909800,0.0,0.0,2023-12-28 00:00:00
2960.0,2970.0,2860.0,2900.0,7581900,0.0,0.0,2023-12-29 00:00:00
2920.0,2980.0,2870.0,2930.0,6281400,0.0,0.0,2024-01-02 00:00:00
2940.0,3190.0,2900.0,3160.0,37418400,0.0,0.0,2024-01-03 00:00:00
3150.0,3170.0,3080.0,3130.0,13957800,0.0,0.0,2024-01-04 00:00:00
3130.0,3240.0,3090.0,3090.0,16502900,0.0,0.0,2024-01-05 00:00:00
3100.0,3120.0,3030.0,3030.0,8818000,0.0,0.0,2024-01-08 00:00:00
3080.0,3200.0,3080.0,3170.0,30046500,0.0,0.0,2024-01-09 00:00:00
3180.0,3290.0,3180.0,3250.0,20964900,0.0,0.0,2024-01-10 00:00:00
3280.0,3450.0,3280.0,3390.0,31898700,0.0,0.0,2024-01-11 00:00:00
3400.0,3450.0,3190.0,3400.0,31956100,0.0,0.0,2024-01-12 00:00:00
3400.0,3480.0,3340.0,3440.0,21912700,0.0,0.0,2024-01-15 00:00:00
3480.0,3480.0,3410.0,3460.0,9684700,0.0,0.0,2024-01-16 00:00:00
3460.0,3460.0,3310.0,3370.0,23227200,0.0,0.0,2024-01-17 00:00:00
3370.0,3440.0,3340.0,3380.0,13257600,0.0,0.0,2024-01-18 00:00:00
3390.0,3570.0,3370.0,3500.0,28018100,0.0,0.0,2024-01-19 00:00:00
3540.0,3700.0,3520.0,3650.0,29451700,0.0,0.0,2024-01-22 00:00:00
3650.0,3690.0,3550.0,3570.0,13770800,0.0,0.0,2024-01-23 00:00:00
3580.0,3650.0,3520.0,3530.0,13975700,0.0,0.0,2024-01-24 00:00:00
3490.0,3660.0,3480.0,3560.0,14068200,0.0,0.0,2024-01-25 00:00:00
3560.0,3580.0,3340.0,3400.0,19987600,0.0,0.0,2024-01-26 00:00:00
3400.0,3450.0,3090.0,3140.0,25247300,0.0,0.0,2024-01-29 00:00:00
3150.0,3260.0,3140.0,3230.0,22633200,0.0,0.0,2024-01-30 00:00:00
3230.0,3260.0,3140.0,3210.0,15558700,0.0,0.0,2024-01-31 00:00:00
3220.0,3330.0,3150.0,3170.0,17202400,0.0,0.0,2024-02-01 00:00:00
3190.0,3210.0,3060.0,3070.0,16041500,0.0,0.0,2024-02-02 00:00:00
3090.0,3110.0,3010.0,3050.0,8592600,0.0,0.0,2024-02-05 00:00:00
3070.0,3140.0,3030.0,3040.0,10601800,0.0,0.0,2024-02-06 00:00:00
3060.0,3130.0,3050.0,3050.0,7945600,0.0,0.0,2024-02-07 00:00:00
3110.0,3160.0,3090.0,3150.0,15859200,0.0,0.0,2024-02-12 00:00:00
3150.0,3170.0,3080.0,3100.0,10692400,0.0,0.0,2024-02-13 00:00:00
3120.0,3150.0,3090.0,3110.0,10640000,0.0,0.0,2024-02-15 00:00:00
3110.0,3130.0,2940.0,2960.0,22010000,0.0,0.0,2024-02-16 00:00:00
2950.0,2950.0,2680.0,2740.0,44756300,0.0,0.0,2024-02-19 00:00:00
2750.0,2810.0,2680.0,2690.0,17095300,0.0,0.0,2024-02-20 00:00:00
2700.0,2730.0,2520.0,2600.0,28381600,0.0,0.0,2024-02-21 00:00:00
2610.0,2670.0,2520.0,2590.0,15150400,0.0,0.0,2024-02-22 00:00:00
2600.0,2630.0,2530.0,2540.0,12993400,0.0,0.0,2024-02-23 00:00:00
2550.0,2570.0,2500.0,2550.0,7430700,0.0,0.0,2024-02-26 00:00:00
2560.0,2620.0,2520.0,2550.0,13036900,0.0,0.0,2024-02-27 00:00:00
2570.0,2590.0,2510.0,2530.0,9286000,0.0,0.0,2024-02-28 00:00:00
2530.0,2710.0,2520.0,2710.0,21178900,0.0,0.0,2024-02-29 00:00:00
2660.0,2730.0,2650.0,2690.0,12217200,0.0,0.0,2024-03-01 00:00:00
2690.0,2720.0,2580.0,2620.0,6909900,0.0,0.0,2024-03-04 00:00:00
2630.0,2740.0,2630.0,2670.0,9388200,0.0,0.0,2024-03-05 00:00:00
2690.0,2930.0,2690.0,2910.0,37337000,0.0,0.0,2024-03-06 00:00:00
2920.0,2930.0,2800.0,2850.0,16478700,0.0,0.0,2024-03-07 00:00:00
2850.0,2920.0,2760.0,2780.0,13611900,0.0,0.0,2024-03-08 00:00:00
2780.0,2820.0,2700.0,2710.0,9456300,0.0,0.0,2024-03-13 00:00:00
2720.0,2840.0,2710.0,2740.0,13297400,0.0,0.0,2024-03-14 00:00:00
2760.0,2790.0,2700.0,2700.0,6223200,0.0,0.0,2024-03-15 00:00:00
2710.0,2790.0,2650.0,2720.0,10861000,0.0,0.0,2024-03-18 00:00:00
2740.0,2750.0,2660.0,2670.0,10696000,0.0,0.0,2024-03-19 00:00:00
2670.0,2680.0,2560.0,2570.0,13349200,0.0,0.0,2024-03-20 00:00:00
2600.0,2700.0,2600.0,2680.0,8909400,0.0,0.0,2024-03-21 00:00:00
2700.0,2780.0,2680.0,2700.0,14766100,0.0,0.0,2024-03-22 00:00:00
2790.0,2790.0,2700.0,2780.0,9741800,0.0,0.0,2024-03-25 00:00:00
2840.0,2840.0,2760.0,2800.0,15445800,0.0,0.0,2024-03-26 00:00:00
2810.0,2830.0,2730.0,2730.0,6112600,0.0,0.0,2024-03-27 00:00:00
2740.0,2750.0,2660.0,2670.0,4323800,0.0,0.0,2024-03-28 00:00:00
2670.0,2670.0,2570.0,2590.0,5671700,0.0,0.0,2024-04-01 00:00:00
2610.0,2670.0,2540.0,2670.0,6794600,0.0,0.0,2024-04-02 00:00:00
2660.0,2680.0,2610.0,2630.0,1809700,0.0,0.0,2024-04-03 00:00:00
2630.0,2640.0,2570.0,2580.0,8141300,0.0,0.0,2024-04-04 00:00:00
2570.0,2590.0,2520.0,2530.0,11924000,0.0,0.0,2024-04-05 00:00:00
2370.0,2380.0,2210.0,2300.0,16088900,0.0,0.0,2024-04-16 00:00:00
2310.0,2350.0,2110.0,2120.0,19114600,0.0,0.0,2024-04-17 00:00:00
2120.0,2220.0,2120.0,2160.0,17760800,0.0,0.0,2024-04-18 00:00:00
2120.0,2190.0,2080.0,2130.0,12090800,0.0,0.0,2024-04-19 00:00:00
2140.0,2200.0,2110.0,2180.0,5994700,0.0,0.0,2024-04-22 00:00:00
2180.0,2240.0,2150.0,2190.0,7987300,0.0,0.0,2024-04-23 00:00:00
2210.0,2270.0,2150.0,2170.0,10704200,0.0,0.0,2024-04-24 00:00:00
2170.0,2180.0,2080.0,2140.0,12289300,0.0,0.0,2024-04-25 00:00:00
2150.0,2150.0,2040.0,2040.0,6449100,0.0,0.0,2024-04-26 00:00:00
2070.0,2160.0,2040.0,2100.0,11509100,0.0,0.0,2024-04-29 00:00:00
2120.0,2180.0,2110.0,2150.0,5716700,0.0,0.0,2024-04-30 00:00:00
2180.0,2180.0,2040.0,2060.0,8896800,0.0,0.0,2024-05-02 00:00:00
2090.0,2150.0,2060.0,2110.0,7934300,0.0,0.0,2024-05-03 00:00:00
2140.0,2240.0,2140.0,2220.0,11493700,0.0,0.0,2024-05-06 00:00:00
2240.0,2270.0,2210.0,2260.0,8810700,0.0,0.0,2024-05-07 00:00:00
2270.0,2300.0,2230.0,2240.0,9594100,0.0,0.0,2024-05-08 00:00:00
2240.0,2280.0,2230.0,2250.0,5775600,0.0,0.0,2024-05-13 00:00:00
2260.0,2350.0,2250.0,2310.0,11311800,0.0,0.0,2024-05-14 00:00:00
2320.0,2340.0,2270.0,2280.0,9736100,0.0,0.0,2024-05-15 00:00:00
2330.0,2340.0,2270.0,2280.0,11269000,0.0,0.0,2024-05-16 00:00:00
2280.0,2310.0,2240.0,2290.0,8128500,0.0,0.0,2024-05-17 00:00:00
2290.0,2440.0,2260.0,2400.0,14882200,0.0,0.0,2024-05-20 00:00:00
2410.0,2470.0,2320.0,2350.0,14097400,0.0,0.0,2024-05-21 00:00:00
2370.0,2430.0,2340.0,2390.0,20299300,0.0,0.0,2024-05-22 00:00:00
2400.0,2460.0,2390.0,2400.0,16115000,0.0,0.0,2024-05-27 00:00:00
2400.0,2410.0,2310.0,2390.0,11555000,0.0,0.0,2024-05-28 00:00:00
2400.0,2400.0,2270.0,2280.0,12552700,0.0,0.0,2024-05-29 00:00:00
2280.0,2300.0,2220.0,2270.0,9712100,0.0,0.0,2024-05-30 00:00:00
2270.0,2440.0,2270.0,2410.0,21149200,0.0,0.0,2024-05-31 00:00:00
2420.0,2430.0,2370.0,2390.0,9160700,0.0,0.0,2024-06-03 00:00:00
2400.0,2400.0,2270.0,2310.0,10523900,0.0,0.0,2024-06-04 00:00:00
2310.0,2310.0,2250.0,2270.0,8544400,0.0,0.0,2024-06-05 00:00:00
2280.0,2320.0,2260.0,2300.0,5950000,0.0,0.0,2024-06-06 00:00:00
2310.0,2370.0,2300.0,2330.0,7328000,0.0,0.0,2024-06-07 00:00:00
2340.0,2350.0,2070.0,2140.0,20326800,0.0,0.0,2024-06-10 00:00:00
2140.0,2190.0,2120.0,2140.0,6742000,0.0,0.0,2024-06-11 00:00:00
2150.0,2160.0,2070.0,2140.0,7757500,0.0,0.0,2024-06-12 00:00:00
2170.0,2190.0,2090.0,2140.0,5433500,0.0,0.0,2024-06-13 00:00:00
2140.0,2150.0,2000.0,2030.0,5982000,0.0,0.0,2024-06-14 00:00:00
2040.0,2050.0,1900.0,1900.0,7488600,0.0,0.0,2024-06-19 00:00:00
1900.0,1965.0,1895.0,1965.0,4894800,0.0,0.0,2024-06-20 00:00:00
1965.0,2150.0,1965.0,2100.0,13093200,0.0,0.0,2024-06-21 00:00:00
2110.0,2280.0,2110.0,2230.0,18251700,0.0,0.0,2024-06-24 00:00:00
2240.0,2260.0,2120.0,2140.0,5774200,0.0,0.0,2024-06-25 00:00:00
2150.0,2210.0,2130.0,2200.0,5065000,0.0,0.0,2024-06-26 00:00:00
2230.0,2270.0,2190.0,2200.0,8210600,0.0,0.0,2024-06-27 00:00:00
2250.0,2450.0,2230.0,2410.0,41568300,0.0,0.0,2024-06-28 00:00:00
2420.0,2460.0,2340.0,2380.0,12749400,0.0,0.0,2024-07-01 00:00:00
2400.0,2520.0,2350.0,2380.0,18065900,0.0,0.0,2024-07-02 00:00:00
2410.0,2440.0,2370.0,2390.0,9300600,0.0,0.0,2024-07-03 00:00:00
2390.0,2470.0,2280.0,2310.0,15989500,0.0,0.0,2024-07-04 00:00:00
2330.0,2340.0,2220.0,2230.0,8766700,0.0,0.0,2024-07-05 00:00:00
2230.0,2360.0,2230.0,2350.0,11225500,0.0,0.0,2024-07-08 00:00:00
2360.0,2380.0,2310.0,2360.0,4805000,0.0,0.0,2024-07-09 00:00:00
2400.0,2400.0,2230.0,2280.0,10963300,0.0,0.0,2024-07-10 00:00:00
2290.0,2290.0,2220.0,2280.0,10492900,0.0,0.0,2024-07-11 00:00:00
2300.0,2350.0,2250.0,2320.0,12763600,0.0,0.0,2024-07-12 00:00:00
2320.0,2320.0,2250.0,2260.0,7264200,0.0,0.0,2024-07-15 00:00:00
2260.0,2310.0,2240.0,2250.0,6288400,0.0,0.0,2024-07-16 00:00:00
2250.0,2390.0,2250.0,2360.0,22262400,0.0,0.0,2024-07-17 00:00:00
2360.0,2470.0,2360.0,2400.0,31430300,0.0,0.0,2024-07-18 00:00:00
2400.0,2410.0,2310.0,2310.0,13550700,0.0,0.0,2024-07-19 00:00:00
2320.0,2390.0,2310.0,2390.0,6187100,0.0,0.0,2024-07-22 00:00:00
2400.0,2590.0,2380.0,2530.0,35056400,0.0,0.0,2024-07-23 00:00:00
2560.0,2640.0,2410.0,2450.0,40215600,0.0,0.0,2024-07-24 00:00:00
2440.0,2440.0,2360.0,2430.0,12785000,0.0,0.0,2024-07-25 00:00:00
2450.0,2580.0,2440.0,2570.0,16041100,0.0,0.0,2024-07-26 00:00:00
2570.0,2580.0,2450.0,2490.0,17590100,0.0,0.0,2024-07-29 00:00:00
2500.0,2690.0,2500.0,2670.0,38554200,0.0,0.0,2024-07-30 00:00:00
2670.0,2820.0,2670.0,2700.0,46016400,0.0,0.0,2024-07-31 00:00:00
2730.0,2770.0,2670.0,2710.0,14168300,0.0,0.0,2024-08-01 00:00:00
2680.0,2820.0,2620.0,2710.0,22569700,0.0,0.0,2024-08-02 00:00:00
2710.0,2820.0,2620.0,2690.0,32355800,0.0,0.0,2024-08-05 00:00:00
2700.0,2750.0,2650.0,2690.0,16441600,0.0,0.0,2024-08-06 00:00:00
2690.0,2710.0,2670.0,2680.0,5461300,0.0,0.0,2024-08-07 00:00:00
2680.0,2840.0,2660.0,2820.0,22222900,0.0,0.0,2024-08-08 00:00:00
2850.0,2880.0,2790.0,2840.0,14513800,0.0,0.0,2024-08-09 00:00:00
2850.0,2850.0,2760.0,2770.0,12901000,0.0,0.0,2024-08-12 00:00:00
2770.0,2770.0,2720.0,2770.0,10299500,0.0,0.0,2024-08-13 00:00:00
2800.0,2860.0,2780.0,2790.0,13337700,0.0,0.0,2024-08-14 00:00:00
2800.0,2810.0,2750.0,2800.0,7154700,0.0,0.0,2024-08-15 00:00:00
2810.0,2830.0,2750.0,2750.0,5531000,0.0,0.0,2024-08-16 00:00:00
2750.0,2790.0,2680.0,2730.0,11410000,0.0,0.0,2024-08-19 00:00:00
2730.0,2980.0,2730.0,2960.0,33497700,0.0,0.0,2024-08-20 00:00:00
2970.0,3080.0,2900.0,2900.0,25083300,0.0,0.0,2024-08-21 00:00:00
2900.0,2960.0,2850.0,2870.0,17764700,0.0,0.0,2024-08-22 00:00:00
2900.0,2960.0,2870.0,2870.0,13330200,0.0,0.0,2024-08-23 00:00:00
2910.0,2930.0,2880.0,2890.0,9052800,0.0,0.0,2024-08-26 00:00:00
2890.0,2900.0,2840.0,2860.0,8600300,0.0,0.0,2024-08-27 00:00:00
2890.0,2920.0,2840.0,2890.0,16147400,0.0,0.0,2024-08-28 00:00:00
2900.0,2930.0,2870.0,2870.0,9525300,0.0,0.0,2024-08-29 00:00:00
2870.0,2990.0,2870.0,2870.0,18661100,0.0,0.0,2024-08-30 00:00:00
2900.0,3020.0,2900.0,2960.0,22182400,0.0,0.0,2024-09-02 00:00:00
3000.0,3000.0,2770.0,2810.0,20327400,0.0,0.0,2024-09-03 00:00:00
2790.0,2810.0,2730.0,2770.0,16356200,0.0,0.0,2024-09-04 00:00:00
2780.0,2810.0,2750.0,2770.0,9557200,0.0,0.0,2024-09-05 00:00:00
2770.0,2840.0,2750.0,2780.0,9866200,0.0,0.0,2024-09-06 00:00:00
2810.0,2900.0,2750.0,2780.0,17772800,0.0,0.0,2024-09-09 00:00:00
2810.0,2850.0,2790.0,2840.0,10671600,0.0,0.0,2024-09-10 00:00:00
2860.0,2860.0,2780.0,2780.0,10329800,0.0,0.0,2024-09-11 00:00:00
2800.0,2880.0,2790.0,2820.0,14107100,0.0,0.0,2024-09-12 00:00:00
2830.0,2860.0,2810.0,2810.0,7586500,0.0,0.0,2024-09-13 00:00:00
2830.0,2990.0,2830.0,2990.0,31218300,0.0,0.0,2024-09-17 00:00:00
3000.0,3170.0,3000.0,3090.0,46702300,0.0,0.0,2024-09-18 00:00:00
3110.0,3170.0,3100.0,3140.0,21715000,0.0,0.0,2024-09-19 00:00:00
3150.0,3160.0,3030.0,3030.0,176047400,0.0,0.0,2024-09-20 00:00:00
3030.0,3210.0,3030.0,3180.0,19563600,0.0,0.0,2024-09-23 00:00:00
3200.0,3220.0,3090.0,3150.0,11531900,0.0,0.0,2024-09-24 00:00:00
3140.0,3180.0,3040.0,3080.0,11088600,0.0,0.0,2024-09-25 00:00:00
3080.0,3170.0,3080.0,3150.0,10313500,0.0,0.0,2024-09-26 00:00:00
3150.0,3160.0,3060.0,3160.0,6963700,0.0,0.0,2024-09-27 00:00:00
3160.0,3170.0,3030.0,3050.0,8116600,0.0,0.0,2024-09-30 00:00:00
3050.0,3090.0,2930.0,3040.0,12675400,0.0,0.0,2024-10-01 00:00:00
3030.0,3030.0,2860.0,2940.0,14060200,0.0,0.0,2024-10-02 00:00:00
2940.0,2960.0,2900.0,2950.0,5782300,0.0,0.0,2024-10-03 00:00:00
2940.0,2940.0,2790.0,2830.0,14318000,0.0,0.0,2024-10-04 00:00:00
2830.0,2870.0,2770.0,2860.0,8095900,0.0,0.0,2024-10-07 00:00:00
2860.0,2920.0,2800.0,2870.0,13024300,0.0,0.0,2024-10-08 00:00:00
2890.0,2900.0,2820.0,2830.0,3730500,0.0,0.0,2024-10-09 00:00:00
2830.0,2860.0,2770.0,2800.0,6768700,0.0,0.0,2024-10-10 00:00:00
2810.0,2870.0,2800.0,2860.0,5933800,0.0,0.0,2024-10-11 00:00:00
2890.0,2940.0,2880.0,2920.0,9072200,0.0,0.0,2024-10-14 00:00:00
2920.0,2930.0,2880.0,2900.0,6527600,0.0,0.0,2024-10-15 00:00:00
2890.0,2910.0,2800.0,2820.0,8110500,0.0,0.0,2024-10-16 00:00:00
2830.0,2900.0,2820.0,2860.0,5543400,0.0,0.0,2024-10-17 00:00:00
2880.0,2890.0,2840.0,2860.0,2475200,0.0,0.0,2024-10-18 00:00:00
2870.0,2970.0,2810.0,2960.0,13777800,0.0,0.0,2024-10-21 00:00:00
2960.0,2990.0,2930.0,2930.0,7229700,0.0,0.0,2024-10-22 00:00:00
2930.0,2960.0,2900.0,2960.0,5619000,0.0,0.0,2024-10-23 00:00:00
2960.0,2980.0,2910.0,2920.0,2850000,0.0,0.0,2024-10-24 00:00:00
2930.0,2940.0,2850.0,2860.0,4963100,0.0,0.0,2024-10-25 00:00:00
2860.0,2900.0,2760.0,2900.0,6425600,0.0,0.0,2024-10-28 00:00:00
2900.0,2950.0,2850.0,2890.0,5244800,0.0,0.0,2024-10-29 00:00:00
2900.0,2900.0,2820.0,2850.0,4450800,0.0,0.0,2024-10-30 00:00:00
2860.0,2890.0,2790.0,2840.0,11266600,0.0,0.0,2024-10-31 00:00:00
2820.0,2840.0,2760.0,2800.0,5397800,0.0,0.0,2024-11-01 00:00:00
2800.0,2800.0,2680.0,2720.0,6192200,0.0,0.0,2024-11-04 00:00:00
2710.0,2740.0,2690.0,2740.0,3929300,0.0,0.0,2024-11-05 00:00:00
2740.0,2750.0,2560.0,2560.0,7065600,0.0,0.0,2024-11-06 00:00:00
2550.0,2620.0,2500.0,2580.0,1947700,0.0,0.0,2024-11-07 00:00:00
